Province,District,Sector,Identifier,pop2012,pop2022,pop2022_urbM,pop2022_urbF,pop2022_rurM,pop2022_rurF,sector_household_size,nDwellings_urb,nDwellings_rur,Wood with mud and cement,Wood with mud without cement,Sun dried bricks with cement,Sun dried bricks without cement,All non durable wall materials,Cement blocks,Concrete,Stone with cement,Stones without cement,Timber,Burnt bricks with cement,Burnt bricks without cement,Other type of wall materials,Not Stated,Roof Iron Sheets,Roof Local tiles,Roof Industrial tiles,Roof Asbestos,Roof Concrete,Roof All non-durable roofing materials,Roof Grass,Roof 0ther type of roofing materials,Roof Not Stated
Eastern Province,Bugesera,Gashora,BugeseraGashora,"22,001","32,251","1,993","2,059","14,034","14,165",3.779459073,1072.111094,7461.120614,1,6.4,54.3,35.8,0.1,0.1,,0.1,0,0,0.3,0.2,1.5,0.1,99.6,0.1,0.2,0,0,0,0,0,0.1
Eastern Province,Bugesera,Juru,BugeseraJuru,"23,673","33,753","5,680","5,976","10,763","11,334",3.966384579,2938.696379,5571.068453,0.4,1.5,62,35.1,0,0.2,0,0,0,,0.3,0.2,0.1,0,99.5,0.4,0,0,0,0,0,0,0
Eastern Province,Bugesera,Kamabuye,BugeseraKamabuye,"20,843","24,502",,,"11,960","12,542",4.129964509,0,5932.738634,23,32.4,32.5,11.2,0,0.3,,0,,,0.4,0.1,,0.1,100,0,0,0,0,0,0,0,0
Eastern Province,Bugesera,Mareba,BugeseraMareba,"22,377","29,266","1,467","1,577","12,660","13,562",4.05263887,751.1155319,6470.351996,2.2,6.7,49.8,40.7,0,0.1,,0,0,,0.2,0.1,0,0.1,98.5,1.4,0,0,0,0,0,0,0
Eastern Province,Bugesera,Mayange,BugeseraMayange,"29,835","54,084","18,163","16,876","9,270","9,775",3.805795361,9206.748309,5004.21021,0.9,0.9,80.1,16.8,0,0.3,0,0,0,0,0.5,0.2,0.1,0.3,99.9,0.1,0,0,0,0,0,0,0
Eastern Province,Bugesera,Musenyi,BugeseraMusenyi,"29,248","40,610",,,"19,542","21,068",4.034185464,0,10066.46828,1.3,5.3,50.1,42.6,0.1,0,0,0.1,0.1,,0.1,0.3,0.1,0.1,77.4,22.4,0.1,0,0,0,0,0,0.1
Eastern Province,Bugesera,Mwogo,BugeseraMwogo,"17,598","30,171","4,563","4,624","10,239","10,745",3.844251848,2389.801804,5458.539354,1,1.7,70.6,26,,0.1,0,0.1,0,,0.2,0.1,0,0.1,99.6,0.4,0,0,0,0,0,0,0
Eastern Province,Bugesera,Ngeruka,BugeseraNgeruka,"30,717","37,328",,,"17,900","19,428",4.239177366,0,8805.482002,6.1,20.7,43,29.7,0,0,,0.1,,0,0.2,0.1,0,0.1,99.9,0.1,0,0,0,0,0,0,0
Eastern Province,Bugesera,Ntarama,BugeseraNtarama,"17,978","45,530","13,419","13,640","9,233","9,238",3.616783663,7481.509131,5107.023732,2.4,3.7,64.2,20.9,0,1.3,0.1,0.6,0.1,0.1,4.7,0.9,0.2,0.6,97.5,2.2,0.1,0,0,0,0,0,0
Eastern Province,Bugesera,Nyamata,BugeseraNyamata,"34,922","81,480","32,045","33,062","8,051","8,322",3.75863833,17321.96458,4356.098822,3.7,2.4,69.8,14.4,0.1,2.5,0.3,0.3,0.1,0.1,4.4,1.1,0.2,0.6,99.5,0.3,0.1,0,0.1,0,0,0,0
Eastern Province,Bugesera,Nyarugenge,BugeseraNyarugenge,"20,753","25,406","2,761","2,927","9,420","10,298",3.985171163,1427.291268,4947.842689,8.8,16.5,51.5,22,0,0.2,,0,0,0,0.3,0.4,0,0.1,95.5,4.2,0.2,0,0,0,0,0,0.1
Eastern Province,Bugesera,Rilima,BugeseraRilima,"26,803","32,862","15,465","12,877","2,187","2,333",4.054807826,6989.727064,1114.726072,0.3,0.5,74.2,23.6,0,0.2,,0,0,,0.2,0.3,0.3,0.1,99.8,0.2,0,0,0,0,0,0,0
Eastern Province,Bugesera,Ruhuha,BugeseraRuhuha,"22,994","30,028","7,314","7,528","7,292","7,894",4.129919062,3593.77503,3677.06964,5.1,11.8,58.1,20.9,0,0.5,,0.2,0.1,,2.4,0.9,,0,99.6,0.3,0,0,0,0,0,0,0
Eastern Province,Bugesera,Rweru,BugeseraRweru,"28,782","37,976","8,249","8,962","10,159","10,606",4.230090472,4068.707304,4908.878459,0.7,3.1,50.7,42.1,0,1,,0.1,0.1,0,0.1,0.2,1.9,0.1,98.2,1.8,0,0,0,0,0,0,0
Eastern Province,Bugesera,Shyara,BugeseraShyara,"13,390","15,856",,,"7,639","8,217",3.873931102,0,4093,5,8.5,56.1,29.4,,0,,,0,,0.7,0.3,,0,73.5,26.3,0,0,0,0.1,0,0,0.1
Northern Province,Burera,Bungwe,BureraBungwe,"14,774","16,322",,,"7,712","8,610",4.114256825,0,3967.180634,1.4,9.1,21.9,66.4,,,,0,0.2,,0.7,0.2,,0.2,98,1.9,0,,,,,,0
Northern Province,Burera,Butaro,BureraButaro,"31,520","38,013","2,921","2,959","15,431","16,702",4.321072534,1360.77327,7436.34821,4.7,39.7,17.5,34.8,0,,,0.1,0,0,2.3,0.4,0,0.3,93.8,6,0.1,,,,,0,0.1
Northern Province,Burera,Cyanika,BureraCyanika,"37,618","44,510","4,271","4,610","17,091","18,538",4.340203165,2046.217576,8209.062721,9.3,65.6,8.1,6.7,0.2,0,,5,3.9,,0.9,0.2,0.1,0.1,99.7,0.2,0,,,,,0,0
Northern Province,Burera,Cyeru,BureraCyeru,"12,783","14,719",,,"7,020","7,699",4.131778589,0,3562.388371,0.4,2.1,11.9,81.9,0,,,0.2,0.4,,2.1,0.7,,0.2,68,31.8,0.1,,,,,,0
Northern Province,Burera,Gahunga,BureraGahunga,"25,637","28,059","2,728","3,122","10,554","11,655",4.211966326,1388.899993,5272.834178,11.9,67.4,7.7,9,1,0,,0.8,0.3,0,1.1,0.6,0.1,0.1,99.3,0.5,0,,,,,0.1,0.1
Northern Province,Burera,Gatebe,BureraGatebe,"16,556","18,867",804,876,"8,096","9,091",4.034652406,416.3927473,4259.846517,0.7,1.4,17.4,79.8,0,0,,0.1,0.1,,0.3,0,,0,94.7,5.3,,,,,,0,0
Northern Province,Burera,Gitovu,BureraGitovu,"10,390","11,531",,,"5,516","6,015",4.19047619,0,2751.715909,0.3,3.7,12.4,79.4,0,,,0,0.2,,0.6,0.3,2.1,1,69.9,28.9,1,,,,,0.1,0.1
Northern Province,Burera,Kagogo,BureraKagogo,"19,281","23,089","1,106","1,250","9,978","10,755",4.358979206,540.4935166,4756.388829,4.7,37.6,15.8,34.2,0,,,2.2,3.2,,0.5,0.1,0.7,1,98.9,0.9,0,,0,0.1,,0,0.1
Northern Province,Burera,Kinoni,BureraKinoni,"17,523","19,017","4,479","4,973","4,614","4,951",4.071781646,2321.342553,2349.094532,3.3,21,16.1,43.2,,0,,0.6,0.9,,1.6,1.3,11.7,0.2,87.4,12.3,0.2,,,0,0,0.1,0
Northern Province,Burera,Kinyababa,BureraKinyababa,"20,802","23,746",,,"11,281","12,465",4.34476435,0,5465.428752,3,50.6,10.9,30,0,,,0.1,0,,0.6,0.3,3,1.6,98.8,1.1,0,0,,,,,0.1
Northern Province,Burera,Kivuye,BureraKivuye,"15,448","18,057",756,824,"7,853","8,624",4.375030362,361.1403509,3766.145292,1,8.3,17.9,72.1,,,,0,0.2,,0.4,0.1,0,0,91.2,8.7,0,,,,,,0
Northern Province,Burera,Nemba,BureraNemba,"18,088","21,401",,,"10,002","11,399",4.028457598,0,5312.455072,0.4,2.1,20.2,75.4,0,0,,0.1,0.2,,0.6,0.7,0,0.3,82.1,17.7,0.1,,,0,,0,0
Northern Province,Burera,Rugarama,BureraRugarama,"24,014","27,051",901,900,"12,145","13,105",4.249018068,423.8626363,5942.549455,7.7,55.8,9.5,19.2,0.1,1.4,,2.2,0.6,0,1.2,0.2,1.9,0.1,98.3,1.7,,0,,,,,0
Northern Province,Burera,Rugengabari,BureraRugengabari,"18,467","20,920",,,"9,768","11,152",4.151629571,0,5038.985209,0.2,2.2,10.9,83.9,,0,,0.2,0.3,,0.7,0.6,0.3,0.8,44.6,54.8,0.5,,,0,0,0.1,0
Northern Province,Burera,Ruhunde,BureraRuhunde,"16,975","20,157",,,"9,528","10,629",3.970843184,0,5076.251836,1.2,3.7,23.3,70.2,0,0,,0,0.1,,0.9,0.4,,0.3,72.1,27.8,0.1,,,0,,,
Northern Province,Burera,Rusarabuye,BureraRusarabuye,"18,396","20,659",470,492,"9,521","10,176",4.226694045,227.6010494,4660.143315,0.8,9.3,17.2,68.6,,0,,0.1,0.3,0.1,2,0.6,0.8,0.3,85.5,14.4,0.1,,,,,0,0
Northern Province,Burera,Rwerere,BureraRwerere,"18,310","21,611",,,"10,236","11,375",4.221133111,0,5119.715354,0.7,5.2,24.2,67,0,0.1,,0.2,0.7,,1.3,0.3,0,0.3,78.1,21.7,0.2,,,,,,0
Northern Province,Gakenke,Busengo,GakenkeBusengo,"20,164","21,392",,,"10,048","11,344",4.001122965,0,5346.499018,0.3,1.3,16.7,79.8,0.7,0,,,0,,0.2,0.3,0,0.6,43.4,56,0.4,,,,0,,0.1
Northern Province,Gakenke,Coko,GakenkeCoko,"16,340","17,942",,,"8,673","9,269",3.899956503,0,4600.564131,0.3,2,42.6,42.5,,,,0.5,0.3,,7,4.6,0.1,0.1,59,40.8,0.1,,,,,,
Northern Province,Gakenke,Cyabingo,GakenkeCyabingo,"17,544","18,785",,,"8,917","9,868",3.890754561,0,4828.112313,0.6,3.3,19.8,74.9,0,0,,0.1,0,0,0.6,0.2,0,0.2,38,61.7,0.2,,0,0,,,0.1
Northern Province,Gakenke,Gakenke,GakenkeGakenke,"22,670","25,325","2,185","2,412","9,749","10,979",3.960213033,1160.79614,5234.061862,0.2,1.4,32.9,55.2,0,,,0.8,1.8,,4.5,1.7,1.1,0.3,68.4,31.4,0.1,,,0,,0,0
Northern Province,Gakenke,Gashenyi,GakenkeGashenyi,"20,067","22,647",,,"10,661","11,986",3.846702923,0,5887.379518,0.4,1.4,30,64.2,0,0.1,,0.2,0.7,,0.4,0.3,0.2,2.1,79.9,20,0.1,,,0,,,0
Northern Province,Gakenke,Janja,GakenkeJanja,"15,804","16,007",,,"7,423","8,584",4.044196088,0,3958.017774,0.3,1.2,16.7,79.9,,0.1,,0.1,0.1,,0.7,0.7,0.1,0.3,71.2,28.4,0.3,,,0,0,0.1,0.1
Northern Province,Gakenke,Kamubuga,GakenkeKamubuga,"20,758","23,336",,,"10,950","12,386",4.097997893,0,5694.488043,0.2,2.6,12.5,82.1,,0,,0.2,0.4,,0.8,0.5,0.4,0.3,49.4,50.2,0.3,0,,0,,,0.1
Northern Province,Gakenke,Karambo,GakenkeKarambo,"12,159","13,617",,,"6,318","7,299",3.759525124,0,3622,0.2,2,26.6,68.5,,0,,0.1,0.3,,0.6,0.6,0.6,0.6,83.4,16.5,0.1,,,,,0,
Northern Province,Gakenke,Kivuruga,GakenkeKivuruga,"18,226","19,967",,,"9,333","10,634",4.123321628,0,4842.455138,0.4,2,20.2,71.6,0,,,0.1,1,,1.1,2,1.4,0.2,43,56.7,0.1,,0,,,0,0
Northern Province,Gakenke,Mataba,GakenkeMataba,"14,346","15,520",,,"7,397","8,123",3.799020808,0,4085.263226,0.3,3.5,19.5,73.9,0,,,0.2,0.1,,0.4,1.3,0.4,0.3,74.7,24.8,0.2,,,0,,,0.3
Northern Province,Gakenke,Minazi,GakenkeMinazi,"13,527","14,193",,,"6,729","7,464",3.92033195,0,3620.356689,0.6,2.4,33,58.5,,,,0.1,0.3,0.1,2.6,2.3,,0.1,61.2,38.7,0.1,,,,,,
Northern Province,Gakenke,Mugunga,GakenkeMugunga,"19,361","19,963",,,"9,450","10,513",3.830326296,0,5211.827521,0.6,0.8,17.1,76.9,0,0,,0.2,0.9,,0.6,1.2,0.2,1.5,71.8,28,0,0,,,0,0,0
Northern Province,Gakenke,Muhondo,GakenkeMuhondo,"20,125","21,334",,,"10,296","11,038",3.82078853,0,5583.664165,0.9,2.8,56.5,29.2,,0.1,,0.7,0.4,0,6.3,3,0.1,0.1,60.4,39.5,0.1,,,0,,,
Northern Province,Gakenke,Muyongwe,GakenkeMuyongwe,"15,550","16,053",,,"7,461","8,592",3.828878282,0,4192.611731,0.5,1.5,43.6,53.1,,,,,,,0.5,0.2,0.4,0.2,41,58.7,0.3,,,,,0,
Northern Province,Gakenke,Muzo,GakenkeMuzo,"21,378","21,816",,,"10,099","11,717",3.937511288,0,5540.555545,0.4,3.3,10.4,84.5,0.1,0,,0.1,0.3,,0.4,0.2,0,0.3,76.7,23.1,0.1,,,0,,,0.1
Northern Province,Gakenke,Nemba,GakenkeNemba,"15,643","16,854","1,206","1,382","6,645","7,621",3.856357388,671.0996257,3699.345928,0.2,0.7,25.5,67.3,,,,0.2,0.2,0,3,2.2,0.6,0.2,59.7,40,0.2,,,0,,,
Northern Province,Gakenke,Ruli,GakenkeRuli,"18,516","22,464","3,688","3,915","7,274","7,587",3.588705807,2118.591049,4141.047163,0.6,1.5,44.1,26,,0,,0.6,0.6,0,16.6,9.3,0.4,0.3,80,19.9,0.1,,,,,,
Northern Province,Gakenke,Rusasa,GakenkeRusasa,"18,250","19,242",,,"9,124","10,118",4.060363022,0,4738.985134,1.8,7.6,13.3,76.3,0.1,,0,,0.1,,0.1,0.1,0.4,0.3,76.4,23.5,0.1,,,,0,,0
Northern Province,Gakenke,Rushashi,GakenkeRushashi,"17,806","18,835",,,"8,974","9,861",3.800651598,0,4955.729172,1.3,1.8,35,57.7,0,0.1,,0.1,0.1,,1.3,1.7,0.7,0.2,51.8,47.9,0.3,,,0,,,
City of Kigali,Gasabo,Bumbogo,GasaboBumbogo,"35,381","112,899","48,568","48,568","7,793","7,970",3.652757996,26592.50903,4315.369378,4.1,4.6,70.5,12.3,0.2,1,0.1,0.3,0.1,0,2.9,0.6,0.2,3,98.9,0.8,0.2,0,0,0,0,0,0
City of Kigali,Gasabo,Gatsata,GasaboGatsata,"37,110","46,262","24,146","22,116",,,3.254208636,14216.05225,0,12.7,3.7,69.7,5.9,0.1,0.8,0.1,0.9,0.3,0.1,2.5,0.3,0.1,3,99.7,0.1,0.1,0,0,0,0,,
City of Kigali,Gasabo,Gikomero,GasaboGikomero,"16,625","19,630",,,"9,567","10,063",4.090567613,0,4798.845016,25.4,57.1,7.9,4.3,,0,0,,0,,3.1,1.4,0.8,,99.3,0.3,0,0,0.4,0,,,
City of Kigali,Gasabo,Gisozi,GasaboGisozi,"44,003","75,611","38,995","36,616",,,3.296606839,22936.00775,0,3.3,1,72.9,4.6,0,3.7,0.4,1.1,0.2,0,5.6,0.7,0.4,6,99,0.1,0.7,0,0.1,0,0,0,0
City of Kigali,Gasabo,Jabana,GasaboJabana,"33,577","63,862","20,487","20,800","11,113","11,462",3.832380723,10773.19895,5890.594289,19.1,10.4,49.5,8.4,0,2.7,0,0.4,0.1,0,4.4,1.4,0.2,3.4,99.7,0.1,0.1,0.1,0,0,0,0,0
City of Kigali,Gasabo,Jali,GasaboJali,"25,057","41,156","10,770","10,776","9,509","10,101",3.797636632,5673.528588,5163.737845,28.6,18.5,38.9,2.2,0,0.9,0,0.4,0,0,2.9,0.4,0.2,6.9,99.9,0.1,0,0,0,0,,0,0
City of Kigali,Gasabo,Kacyiru,GasaboKacyiru,"37,088","30,036","15,994","14,042",,,3.223816999,9316.906017,0,3.6,1.4,65.2,5.4,0,2.7,0.5,2.7,0.5,0.2,12.4,1.9,0.3,3.2,98.5,0.2,0.8,0.2,0.2,0,0.1,0,0
City of Kigali,Gasabo,Kimihurura,GasaboKimihurura,"21,672","16,425","8,599","7,826",,,3.053624813,5378.853332,0,2.7,0.6,70,5.3,0,2.5,0.7,1,0.2,0.1,11.6,1.7,0.3,3.3,97.6,0.4,1.1,0.1,0.6,0,0.1,0,0
City of Kigali,Gasabo,Kimironko,GasaboKimironko,"57,430","61,733","31,721","30,012",,,3.456563707,17859.64479,0,1.1,0.4,54.2,2.3,0.1,10.2,1.2,1.7,0.8,0.1,20.6,2.3,0.5,4.5,96.4,0.7,2.3,0.1,0.3,0,0.1,0,0
City of Kigali,Gasabo,Kinyinya,GasaboKinyinya,"57,846","125,400","63,081","62,319",,,3.415788036,36711.87986,0,2,0.9,77.4,5.7,0,2.8,0.8,0.8,0.1,0.1,2.9,0.3,0.2,5.8,97.3,0.3,1.2,0.1,1.1,0,0.1,0,0
City of Kigali,Gasabo,Ndera,GasaboNdera,"41,764","95,164","41,036","40,017","7,022","7,089",3.346708619,24218.72031,4216.381408,5,3.9,70.2,7.9,0,1.3,0.3,0.3,0.1,0.1,3.7,0.6,0.3,6.4,99.5,0.1,0.3,0,0,0,0,0,0
City of Kigali,Gasabo,Nduba,GasaboNduba,"25,370","68,424","19,127","19,890","14,482","14,925",3.841078955,10157.82296,7655.921773,14.8,13,55,12.5,0,0.2,0,0.1,0,0,1.6,0.5,0.1,2.2,99,1,0.1,0,0,0,,0,0
City of Kigali,Gasabo,Remera,GasaboRemera,"43,279","38,648","20,300","18,348",,,3.114521746,12408.96778,0,2.4,0.7,71.2,4.5,0,6.5,0.9,0.8,0.2,0.1,8.9,1.5,0.2,2.2,97.1,1.2,1.3,0,0.3,0,0.1,0,0
City of Kigali,Gasabo,Rusororo,GasaboRusororo,"35,453","61,787","19,939","19,976","10,873","10,999",3.702522523,10780.4881,5907.323957,5.1,8.8,56.7,12.4,0.1,1.1,0.2,0.5,0.2,0.1,6.6,1.2,0.6,6.5,99.2,0.1,0.4,0,0.1,0,0,0,0
City of Kigali,Gasabo,Rutunga,GasaboRutunga,"17,906","22,468",,,"10,865","11,603",3.994837102,0,5624.25937,19.7,49.3,16.7,10.1,0,0.1,,0,0.1,0.1,1.9,1.9,0.1,0.1,94.9,5.1,0,0,0,0.1,,,
Eastern Province,Gatsibo,Gasange,GatsiboGasange,"17,783","20,725",,,"10,054","10,671",4.27710097,0,4845.571835,11.3,68.6,8.2,9.7,,,,0,0.1,0,1.4,0.7,,0.1,100,0,,,,,,,
Eastern Province,Gatsibo,Gatsibo,GatsiboGatsibo,"36,690","40,940","3,245","3,405","16,373","17,917",4.282008192,1553.00964,8007.924894,6.9,34.9,22.2,33.3,0,0,,0.2,0,,1.4,0.9,0,0.2,96.6,3.2,0.1,,0,0,0,0,0
Eastern Province,Gatsibo,Gitoki,GatsiboGitoki,"33,409","43,414","3,033","3,276","17,657","19,448",3.999539001,1577.431799,9277.31921,5.5,21.1,34,38.4,0,0,0,0.1,0.2,,0.4,0.2,0,0.1,98.6,1.3,0.1,,,,,0,0
Eastern Province,Gatsibo,Kabarore,GatsiboKabarore,"50,288","71,769","7,334","7,956","27,264","29,215",4.126168224,3705.617214,13688.00227,2.3,4.6,49.7,39.6,0.1,0.1,0.2,0.3,0.1,0,2,0.9,0.1,0.2,99.6,0.2,0,,,0,,0,0.1
Eastern Province,Gatsibo,Kageyo,GatsiboKageyo,"21,567","24,702",,,"11,849","12,853",3.919923737,0,6301.65321,5,49.1,8.5,29.4,0,0,,0.3,0.2,0,4.9,2.3,0,0.2,87.8,12,0,,,,0,0,0
Eastern Province,Gatsibo,Kiramuruzi,GatsiboKiramuruzi,"31,083","40,028","5,298","5,446","13,801","15,483",3.922797724,2738.861587,7465.080297,14.1,28.5,27.2,27,0,0.3,0,0.2,0.1,,1.8,0.5,0.1,0.2,99.9,0.1,0,0,,0,,,0
Eastern Province,Gatsibo,Kiziguro,GatsiboKiziguro,"29,996","39,757","2,746","2,987","16,178","17,846",3.974081857,1442.597361,8561.474379,15.1,30.5,28.9,22,0,0.1,,0.6,0.2,,1.3,0.5,0.2,0.7,99.9,0.1,0,,,0,,,0
Eastern Province,Gatsibo,Muhura,GatsiboMuhura,"29,568","33,325",,,"16,046","17,279",3.980507056,0,8372.048971,10.5,61,6.6,12.4,0,0,,0.3,0.3,0,5.4,3.4,0.1,0.2,99.9,0.1,0,,0,,,,
Eastern Province,Gatsibo,Murambi,GatsiboMurambi,"29,032","38,498",,,"18,436","20,062",4.171273713,0,9229.315229,12.2,47.5,12.6,26.1,,0,0,0.1,0.1,,1.1,0.3,0,0.1,99.9,0.1,0,,,,0,,
Eastern Province,Gatsibo,Ngarama,GatsiboNgarama,"30,354","38,006","3,832","3,505","14,521","16,148",3.839818818,1910.767239,7987.095603,1.9,5,44.2,46.4,0,0,0,0.1,0.1,0,1.1,0.2,0.1,0.8,99,0.9,0,,,,,0,0
Eastern Province,Gatsibo,Nyagihanga,GatsiboNyagihanga,"24,159","28,812",,,"13,858","14,954",3.823529412,0,7535.446154,3,15.1,30.7,50.4,0,0,,0.1,0,,0.3,0.2,0,0.1,99.3,0.7,0,,,,,,
Eastern Province,Gatsibo,Remera,GatsiboRemera,"26,110","31,771",,,"15,122","16,649",3.930543519,0,8083.106026,9.4,44.2,12.4,29.1,0,0.1,,0.2,0.2,0,3.1,1.1,,0.1,99.9,0,0,,,,,,0
Eastern Province,Gatsibo,Rugarama,GatsiboRugarama,"37,029","49,442","1,329","1,397","22,296","24,420",3.958593625,688.6284015,11801.16082,3.5,7.4,44.2,43.7,0,,,0.1,0.1,,0.5,0.2,0.3,0.1,99.2,0.8,,,0,,,,
Eastern Province,Gatsibo,Rwimbogo,GatsiboRwimbogo,"35,952","49,975",265,297,"23,924","25,489",4.236851035,132.6456832,11662.67107,1.3,3.1,43.9,50.1,0.3,0,,0.2,0.2,0,0.3,0.3,0.1,0.1,99.5,0.1,0,,,0.3,0,0,0
Northern Province,Gicumbi,Bukure,GicumbiBukure,"17,402","20,454",,,"9,943","10,511",4.277335568,0,4781.948874,19.4,39.3,24,15.8,,0,,0.1,0.1,,0.6,0.4,0,0.3,99.9,,0.1,,0,,,,
Northern Province,Gicumbi,Bwisige,GicumbiBwisige,"15,288","17,274",,,"8,229","9,045",3.990526802,0,4328.75178,1.8,9.7,20.6,67.4,,0,,0,,,0.3,0.1,,0.1,99.6,0.3,0,,,,0,,0
Northern Province,Gicumbi,Byumba,GicumbiByumba,"36,401","43,134","9,185","10,085","11,187","12,677",3.985783312,4834.683296,5987.279823,2,3.7,39.6,44.6,0,0,0,0.3,0.2,,6.2,1.8,0.8,0.7,95.5,4.3,0.1,,,0,,0,0
Northern Province,Gicumbi,Cyumba,GicumbiCyumba,"14,722","17,218",,,"8,158","9,060",4.0818463,0,4218.189205,1.4,8.9,26.6,61.9,0,0,,0.1,0.3,,0.6,0.1,,0,99.5,0.3,0,,,,,,0.2
Northern Province,Gicumbi,Giti,GicumbiGiti,"14,590","17,431",,,"8,495","8,936",4.185158501,0,4164.955758,18.9,59,7.9,10.2,,0,,,,,1.5,0.2,2.3,0,100,0,,,,,,,
Northern Province,Gicumbi,Kageyo,GicumbiKageyo,"30,270","20,888","3,178","3,468","6,709","7,533",4.15959151,1597.753045,3423.893901,2.1,6.9,36.2,52.2,,,,0.1,0.1,,1.7,0.4,0,0.2,80.8,19.1,0.1,,,,,,
Northern Province,Gicumbi,Kaniga,GicumbiKaniga,"15,035","16,772",,,"8,056","8,716",4.180364726,0,4012.090116,0.8,9.9,29.8,57.7,0,0.4,,,0.1,0,0.9,0.1,0,0.1,98.9,1.1,,,,,,,0.1
Northern Province,Gicumbi,Manyagiro,GicumbiManyagiro,"19,371","22,635",,,"10,933","11,702",4.12776054,0,5483.60298,0.8,5,16.4,75.9,,,,0,0,,0.1,0.1,1.5,0.1,98.2,1.7,0,,,0.1,,,0
Northern Province,Gicumbi,Miyove,GicumbiMiyove,"16,299","20,223",,,"9,510","10,713",3.934994161,0,5139.27065,0.8,2.1,33.7,60.4,,0.3,,0.3,0.5,,0.8,0.5,0.6,0,80.1,19.8,0,,,,,0,
Northern Province,Gicumbi,Mukarange,GicumbiMukarange,"16,081","18,543",,,"8,831","9,712",4.182351614,0,4433.630099,0.8,3,36.7,58.7,0,,,0.1,,,0.1,0.1,0.4,0.1,99.7,0.1,,,,0.1,,,0
Northern Province,Gicumbi,Muko,GicumbiMuko,"17,647","20,050",,,"9,656","10,394",3.963197467,0,5059.04643,11.4,51.7,12.1,20,0,0.1,,0,0.1,,2.6,1.2,0.7,0,100,,,,,0,,,
Northern Province,Gicumbi,Mutete,GicumbiMutete,"23,053","27,517",,,"12,960","14,557",3.931616595,0,6998.902191,5,8.7,44.6,39.9,,0,0,0.1,0.1,0,0.9,0.4,0.3,0.1,72.1,27.8,0.1,,,0,,0,0
Northern Province,Gicumbi,Nyamiyaga,GicumbiNyamiyaga,"18,284","20,939",,,"10,040","10,899",4.138647152,0,5059.382748,6.1,34.3,25,32.6,,,,0.1,0,,1.5,0.1,0,0.1,94.5,5.4,,,,,,,0
Northern Province,Gicumbi,Nyankenke,GicumbiNyankenke,"21,560","27,183",,,"14,830","12,353",3.956893602,0,6869.782898,0.8,2.2,28.3,67.7,0.1,,,0.1,0.1,,0.1,0.3,0.4,0.1,85,14.9,0,,,0,,0,
Northern Province,Gicumbi,Rubaya,GicumbiRubaya,"10,509","12,044",,,"5,801","6,243",4.071767095,0,2957.929498,0.9,13.9,21.4,61.2,0,,,0.2,0,,2,0.1,0.1,0.1,95.6,4.3,0.1,0.1,,,,,
Northern Province,Gicumbi,Rukomo,GicumbiRukomo,"24,989","28,127","1,217",998,"12,269","13,643",4.015749169,551.5782751,6452.59425,1.6,6.4,32.4,58.3,,,,0.1,0.1,,0.7,0.3,0,0,97.5,2.3,0,0,,0,0,0,0
Northern Province,Gicumbi,Rushaki,GicumbiRushaki,"12,672","15,048",,,"7,102","7,946",4.11909989,0,3653.225316,0.5,8.7,32.1,56.3,,0,,0.1,0.2,0.1,0.4,0.5,1.2,0.1,99.9,0.1,,,,0,,0,
Northern Province,Gicumbi,Rutare,GicumbiRutare,"23,583","27,837",,,"13,371","14,466",4.027375435,0,6911.945621,17.9,45.4,21.9,13.1,0,0,,0.1,,,0.9,0.2,0.4,0.1,99.7,0.2,0,0,,,,,0
Northern Province,Gicumbi,Ruvune,GicumbiRuvune,"18,962","21,990",,,"10,606","11,384",3.937130575,0,5585.285929,4,24.2,22.4,46.5,,0,,0,0.1,,0.6,0.7,1.2,0.2,97.2,2.7,0,,,0,,0,0.1
Northern Province,Gicumbi,Rwamiko,GicumbiRwamiko,"12,959","14,821",,,"7,163","7,658",4.08308032,0,3629.857568,19.6,39.2,22.4,16.3,,0.1,,0.1,0.1,0,1,1.2,0,,100,0,,,,,,,
Northern Province,Gicumbi,Shangasha,GicumbiShangasha,"15,929","18,696",,,"8,960","9,736",4.12804069,0,4529.025125,0.9,5.8,23.8,68.7,,0,,0,0,,0.5,0.2,,0.1,100,0,0,,,,,,
Southern Province,Gisagara,Gikonko,GisagaraGikonko,"23,098","28,772","2,304","2,477","11,472","12,519",3.973059297,1203.354806,6038.419818,21.9,51.7,16.6,8.4,0,,0,0,0,,0.3,0.2,0,0.7,60.9,38.7,0.2,,,0,,,0.2
Southern Province,Gisagara,Gishubi,GisagaraGishubi,"24,904","31,860",,,"15,366","16,494",4.08161435,0,7805.735003,13.6,65,10.4,10,0,,0,0,0.1,,0.1,0,0,0.7,31.2,68.3,0.3,,,0,0,,0.1
Southern Province,Gisagara,Kansi,GisagaraKansi,"18,423","22,310",,,"10,465","11,845",3.782763896,0,5897.80399,38.2,32.6,17.8,10.1,0,,,0,0,,0.5,0.5,0,0.3,35.2,64.5,0.2,0.1,,,,,
Southern Province,Gisagara,Kibirizi,GisagaraKibirizi,"26,120","31,445",,,"14,806","16,639",3.642119912,0,8633.708049,32.6,20.1,32.5,11.9,0,0,,0.6,0.3,0,1,0.7,0.2,0.1,41.8,57.9,0.3,0,,0,,,
Southern Province,Gisagara,Kigembe,GisagaraKigembe,"20,264","22,488",,,"10,611","11,877",3.847826087,0,5844.338983,14.3,65.9,8,11,,,,0,0.1,,0.4,0.1,0,0.2,10.4,89.3,0.2,0,,,0,,0
Southern Province,Gisagara,Mamba,GisagaraMamba,"34,892","45,283",,,"21,896","23,387",4.02842124,0,11240.88006,23.1,49.7,16.4,8.7,0,0.1,,0,0,,0.5,1.2,0.2,0.1,55.1,44.4,0.2,0.3,,0,,0,0.1
Southern Province,Gisagara,Muganza,GisagaraMuganza,"29,781","36,530",,,"17,358","19,172",3.974515356,0,9191.057708,28,29.9,26.3,13.7,,,,0.5,0.1,,0.6,0.3,0.3,0.2,31.9,67.9,0.1,,,0,0,,0.1
Southern Province,Gisagara,Mugombwa,GisagaraMugombwa,"22,712","36,469",,,"17,116","19,353",4.18750719,0,8708.999973,25.5,34.8,25.2,13,,,,0,0,,0.7,0.3,0.2,0.3,46.4,53.2,0.3,,,0,,0,0
Southern Province,Gisagara,Mukindo,GisagaraMukindo,"26,829","32,393",,,"15,621","16,772",4.016139044,0,8065.706801,7.3,21.5,35.4,33.4,0,0,,0.1,0.1,,1,0.5,0.3,0.5,13.8,86,0.2,,,,,0,0
Southern Province,Gisagara,Musha,GisagaraMusha,"24,305","28,762",,,"13,856","14,906",3.880043179,0,7412.804104,28.6,51.3,13.1,5.5,,,,,0,,0.5,0.4,,0.7,40.8,59,0.2,,,,,0,0
Southern Province,Gisagara,Ndora,GisagaraNdora,"23,813","30,171","1,681","1,861","12,440","14,189",3.80945122,929.7927171,6990.245698,21.4,53.5,16.3,6.7,0,0,,0,0,,1.3,0.5,0,0.3,27.2,72.6,0.1,0,,0,,,0.1
Southern Province,Gisagara,Nyanza,GisagaraNyanza,"18,929","19,627",,,"9,281","10,346",3.871490708,0,5069.62343,14.2,61.6,12.7,9.9,,0,0.1,0,0,,0.4,0.1,0.5,0.2,12.2,87.6,0.2,,,,,0,0
Southern Province,Gisagara,Save,GisagaraSave,"28,436","30,941","2,454","2,736","12,238","13,513",3.711306654,1398.429309,6938.526617,21.4,35.1,27.5,13.3,0,0,0,0.2,0,,0.9,0.8,0,0.6,40.6,59,0.3,,,0,0,0,0
Southern Province,Huye,Gishamvu,HuyeGishamvu,"13,274","14,676",,,"6,931","7,745",3.911835426,0,3751.691572,10.1,25.6,37.1,24.3,,0.1,,0.2,0.1,0,0.7,1.1,,0.9,34,65.6,0.1,,,0.1,,0.1,0.2
Southern Province,Huye,Huye,HuyeHuye,"21,931","28,232","1,756","1,820","11,639","13,017",3.783514858,945.1528893,6516.691734,5.4,13.3,50.4,25.3,0,0,0,0.3,0.2,0,3.6,1.3,0,0.1,57.3,42.4,0.1,0,,0,,,0.1
Southern Province,Huye,Karama,HuyeKarama,"16,439","18,323",,,"8,597","9,726",4.109389039,0,4458.813665,21.3,52.7,15.8,8.4,0,,,0.1,,,0.5,1,,0.2,28.2,71.4,0.1,,,0,,0.1,0.1
Southern Province,Huye,Kigoma,HuyeKigoma,"24,786","25,455",,,"12,050","13,405",3.826387844,0,6652.488205,23.2,58.6,10,7.2,,,,,,,0.3,0.5,0,0.1,37.4,62.4,0.2,,,0,,,0
Southern Province,Huye,Kinazi,HuyeKinazi,"25,830","33,114",,,"15,708","17,406",3.870775348,0,8554.875193,19.2,23.3,44,12.2,0,0.1,,0,0,,0.5,0.2,0.2,0.4,64.3,35.6,0.1,,,,,0,0
Southern Province,Huye,Maraba,HuyeMaraba,"24,685","26,807",,,"12,850","13,957",3.880973067,0,6907.288337,28.3,48.1,15.8,6.1,0.1,,,0,0,,0.1,0.5,0,0.9,34.5,65.2,0.1,,,,,0,0.1
Southern Province,Huye,Mbazi,HuyeMbazi,"31,201","35,807","1,767","1,952","15,282","16,806",3.781653333,983.4322906,8485.177559,4.7,11.2,51.7,28.3,0,0,0,0.4,0.1,0,2.3,0.9,0,0.3,40.7,58.9,0.2,0.1,,0,,0,0.1
Southern Province,Huye,Mukura,HuyeMukura,"20,191","26,340","4,512","5,114","7,790","8,924",3.753575515,2564.488169,4452.821033,8.3,26.2,36,21.1,,0.1,,0.4,0.4,0,4.4,2.8,0,0.2,54.7,45,0.3,,,,,0,0
Southern Province,Huye,Ngoma,HuyeNgoma,"27,705","35,578","22,957","9,337","1,542","1,742",3.711656442,8700.697521,884.7801653,3.1,3.7,42.9,11,0,0.6,0,1.2,1,0.1,23.4,11.6,0.2,1.1,86.6,11.5,0.4,1.3,0,0,,0.1,0
Southern Province,Huye,Ruhashya,HuyeRuhashya,"22,054","24,050",,,"11,369","12,681",3.702032646,0,6496.431097,22.1,32.9,31.3,11.6,0,0,,0,0,,0.4,0.7,0,0.8,35.7,64,0.2,,,0,0,,0
Southern Province,Huye,Rusatira,HuyeRusatira,"25,171","29,842",,,"14,211","15,631",3.751575498,0,7954.52471,23.5,33.9,32.1,8.4,0,,0.1,0,,,1.3,0.5,0.3,0.1,55.6,43.5,0.7,0.2,,,,0,0
Southern Province,Huye,Rwaniro,HuyeRwaniro,"21,595","23,239",,,"11,058","12,181",3.849734924,0,6036.519516,20.8,51.7,13.7,9.5,0,0,,,0.1,0,1,0.2,0,2.7,43.5,56.2,0.1,,,0,0,0,0
Southern Province,Huye,Simbi,HuyeSimbi,"22,137","23,284",,,"11,053","12,231",3.83903487,0,6065.066035,18.8,41.2,25.4,13.6,0.1,0,,,,0,0.5,0.1,,0.2,32.2,67.5,0.2,0,,0,,0,0
Southern Province,Huye,Tumba,HuyeTumba,"31,399","37,153","14,640","15,889","3,147","3,477",3.724815227,8196.111253,1778.343245,5.6,8.6,49.1,17.4,0,0.3,0.1,1.2,0.7,0.2,11,5.5,0.1,0.1,80.4,18.3,0.2,0.1,,0,0,0.9,0.1
Southern Province,Kamonyi,Gacurabwenge,KamonyiGacurabwenge,"27,850","36,859","6,868","7,513","10,757","11,721",3.852574185,3732.828833,5834.540471,4.4,5.9,64.9,21.4,0,0.2,0,0.2,0.1,0,1.6,0.6,0.3,0.3,68,31.8,0.1,,,,,0.1,
Southern Province,Kamonyi,Karama,KamonyiKarama,"18,717","20,879",,,"9,926","10,953",3.924957683,0,5319.547798,5.4,5.8,59.3,28.5,,0,,0.1,0.1,,0.5,0.2,0,0.1,50.9,48.9,0.1,,0,,,0,
Southern Province,Kamonyi,Kayenzi,KamonyiKayenzi,"22,787","25,209",,,"12,289","12,920",3.821466525,0,6596.682147,7.3,5.6,62.5,23.5,,0,,0,0,,0.5,0.4,,0.1,62.4,37.4,0.2,,,,,0,
Southern Province,Kamonyi,Kayumbu,KamonyiKayumbu,"15,530","17,106",,,"8,262","8,844",3.738084827,0,4576.140133,1.3,4.4,55.5,36.9,,,,0.1,0.1,,0.7,0.9,0,0.1,20.1,79.8,0.1,,,,,0,
Southern Province,Kamonyi,Mugina,KamonyiMugina,"38,709","45,894","5,827","6,307","16,086","17,674",3.899056042,3112.03529,8658.505965,1.7,4.9,53.3,39.2,0,,,0.1,0.1,,0.3,0.2,0,0.2,40.3,59.6,0.1,0,,,,0,
Southern Province,Kamonyi,Musambira,KamonyiMusambira,"34,025","42,198","4,950","5,746","15,063","16,439",3.865975599,2766.701374,8148.525307,2,5.4,53.9,36.6,,0.1,,0,0,,0.5,0.1,0.1,1.3,38.6,61.1,0.2,,,,,0,
Southern Province,Kamonyi,Ngamba,KamonyiNgamba,"14,175","16,416",,,"7,991","8,425",3.820321603,0,4297.020436,11.6,13,46.7,27.1,,0,,0.1,0,,0.5,0.8,,0.1,89.9,10,0.1,,,,,0,
Southern Province,Kamonyi,Nyamiyaga,KamonyiNyamiyaga,"38,945","45,645",,,"21,804","23,841",3.935570122,0,11598.06548,1.3,4.6,58.1,34.9,0,0,,0.1,0.1,,0.3,0.1,0.1,0.4,36.7,63,0.2,,,,,0,
Southern Province,Kamonyi,Nyarubaka,KamonyiNyarubaka,"25,155","28,225",,,"13,363","14,862",3.831567509,0,7366.436826,1,3.6,51.4,42.2,0,0,0,0.2,0.3,,0.2,0.5,0,0.6,21.2,78.5,0.2,,,,,0,
Southern Province,Kamonyi,Rugarika,KamonyiRugarika,"34,860","59,952","13,351","13,826","15,929","16,846",3.842149131,7073.384991,8530.382055,3.5,5.9,63,25.2,0,0.3,0,0.1,0.1,0,1.2,0.3,0,0.3,76.2,23.7,0.1,0,,,,0,
Southern Province,Kamonyi,Rukoma,KamonyiRukoma,"34,909","39,688","5,925","6,056","13,484","14,223",3.856401723,3106.782141,7184.676803,13.1,14.9,52,18.1,,0.1,,0.1,0,,1.2,0.3,0.1,0.1,94.6,5.3,0.1,0.1,,,,0,
Southern Province,Kamonyi,Runda,KamonyiRunda,"34,839","72,778","32,452","33,699","3,243","3,384",3.896100413,16978.77185,1700.931521,3.7,5.3,62.8,13.7,0.1,2.7,0.1,0.5,0.3,0,7.9,1.3,0.3,1.3,96.3,3.2,0.2,0.2,0,,,0,
Western Province,Karongi,Bwishyura,KarongiBwishyura,"31,960","40,720","9,255","9,275","10,675","11,515",3.9049932,4745.206727,5682.468282,0.4,1.2,43,50.2,0.1,0.1,0,0.2,0.1,0.1,2.5,0.9,0,1.1,91,8.6,0.1,0,0,0.1,0,0,0
Western Province,Karongi,Gashari,KarongiGashari,"19,904","21,263",,,"10,156","11,107",4.025724085,0,5281.782742,0.1,1.3,24.7,72.3,,0,,0.1,0.2,0,0.4,0.4,0,0.4,10.4,89.1,0.3,,,0,0.1,0,0
Western Province,Karongi,Gishyita,KarongiGishyita,"20,330","23,687",,,"11,212","12,475",3.988197606,0,5939.274414,0.6,3.1,37.9,54.4,,0.1,,0.1,0.2,,1.2,0.5,1.8,0.4,87.8,11.9,0.1,,,,0,0.1,0.1
Western Province,Karongi,Gitesi,KarongiGitesi,"24,859","29,312",,,"14,125","15,187",4.307850632,0,6804.321343,0.1,1,17.4,77.3,1.5,,,0.1,0.5,0,0.3,0.2,0.1,1.4,41.5,58.3,0.1,,,0.1,0,,0
Western Province,Karongi,Mubuga,KarongiMubuga,"18,485","23,455",,,"11,144","12,311",4.018890606,0,5836.187719,0.3,2.3,34.6,59.7,,,,0.1,0.1,,0.6,0.3,0.6,1.4,81.8,17.7,0.2,0,,0.1,0,0.1,0.1
Western Province,Karongi,Murambi,KarongiMurambi,"21,530","22,374",,,"10,484","11,890",3.886533449,0,5756.801091,0.1,0.5,21.1,76.1,0,,0,0.1,0.2,,0.7,0.6,0.1,0.7,13,86.5,0.1,,,0.1,0.2,0,0.1
Western Province,Karongi,Murundi,KarongiMurundi,"26,042","27,236",,,"12,909","14,327",3.863184786,0,7050.141661,0.1,2.6,13,83.3,,,,0,0.1,,0.4,0.1,0.1,0.3,11,88.6,0.2,,,0,0,0.1,0.1
Western Province,Karongi,Mutuntu,KarongiMutuntu,"23,084","25,652",,,"12,237","13,415",4.26655574,0,6012.343811,0.7,11.9,21.1,63.6,0,,,0,0.1,,0.2,0.1,1.6,0.5,18.7,80.7,0.3,,,0.1,0.1,,0.1
Western Province,Karongi,Rubengera,KarongiRubengera,"33,019","40,337","7,268","7,744","11,920","13,405",3.889941057,3859.18444,6510.381424,0.3,1.3,38.9,55.8,0,0.1,,0.2,0.2,,1.5,1.1,0.6,0.1,58.5,41.3,0.1,,,0,0,0,0
Western Province,Karongi,Rugabano,KarongiRugabano,"32,717","34,207",,,"16,223","17,984",4.127097164,0,8288.392215,0.3,1,13.3,78.2,0,,,0.1,0.2,,2.7,2.8,0.5,0.8,11.4,88.1,0.3,,,0,0,0,0.1
Western Province,Karongi,Ruganda,KarongiRuganda,"17,508","19,132",,,"9,184","9,948",4.063522413,0,4708.23046,0.3,1.3,17.4,80.1,0,,,,0.2,0,0.1,0.3,0,0.2,9.3,90.4,0.1,,,0.1,0.1,0,0
Western Province,Karongi,Rwankuba,KarongiRwankuba,"37,802","38,286",,,"18,157","20,129",4.555185141,0,8404.927311,1.3,30.6,17.9,48.2,0,0,,,0.1,,0.8,0.5,0,0.6,62.4,37.3,0.1,,,0.1,0,0,0
Western Province,Karongi,Twumba,KarongiTwumba,"24,568","28,208",,,"13,468","14,740",4.144959529,0,6805.374046,1.1,4.9,32.6,57.6,,0,,0.6,1.1,,0.4,0.1,1.2,0.3,51.5,48.3,0.2,,,,0,,0.1
Eastern Province,Kayonza,Gahini,KayonzaGahini,"32,650","46,009","3,749","4,168","18,700","19,392",4.121165919,1921.058301,9243.015386,19,34.7,19.9,23.5,0.8,0.1,0,0.1,0.1,0,0.9,0.3,0.2,0.2,99,0,0,0,0,,,0.9,
Eastern Province,Kayonza,Kabare,KayonzaKabare,"34,460","40,228",,,"19,336","20,892",3.986219887,0,10091.76642,4.2,13.6,29.1,52.5,0,0,0,0.1,0.1,0,0.1,0,0,0.1,99.7,0.2,0,0,0,,,0,
Eastern Province,Kayonza,Kabarondo,KayonzaKabarondo,"30,588","37,839","8,708","9,199","9,543","10,389",3.868518139,4628.904236,5152.360486,14.2,38,27.4,14,0,0.4,0,0.5,0.1,0,3.4,1.1,0.9,0.1,99.8,0,0,0,0.1,,,0,
Eastern Province,Kayonza,Mukarange,KayonzaMukarange,"42,055","54,818","14,517","14,959","12,227","13,115",3.726225373,7910.417929,6800.98423,17.4,19.6,42.2,11.3,0,0.2,0,0.8,0.1,0,6.6,1.5,0.1,0.2,99.7,0.1,0.1,0,0,,,0,
Eastern Province,Kayonza,Murama,KayonzaMurama,"19,945","23,381",,,"11,169","12,212",3.952098849,0,5916.096963,16.2,48.2,14.6,19.4,0.1,0,0,0.2,0,0,0.8,0.4,0.1,0.2,99.7,0.3,0,0,0,,,0,
Eastern Province,Kayonza,Murundi,KayonzaMurundi,"35,742","57,809",937,963,"27,420","28,489",4.101279318,463.2700806,13632.08786,5.6,14.1,32.8,44.4,1.2,0,0.1,0.1,0.1,0,0.7,0.4,0.4,0.1,98,0.3,0,0,0,,,0.2,
Eastern Province,Kayonza,Mwiri,KayonzaMwiri,"22,933","37,931",,,"18,640","19,291",4.301135074,0,8818.834877,5.9,13.8,29.9,46.3,1.1,0.5,,0.2,0.1,,0.4,0.8,1,0.1,98.3,0.1,0,0,0,,,0.4,
Eastern Province,Kayonza,Ndego,KayonzaNdego,"18,918","24,389",,,"11,908","12,481",4.0657277,0,5998.680139,1,2.1,46.3,49.5,0.5,0,,0,0,0,0,0,0.3,0.1,99.1,0.1,0,0,0,,,0,
Eastern Province,Kayonza,Nyamirama,KayonzaNyamirama,"30,528","38,562",385,390,"17,957","19,830",3.975655044,194.9364297,9504.59725,26.3,42.6,18.1,10.6,0.1,0.1,,0.4,0.1,0,1.4,0.4,0,0.1,99.9,0.1,0,0,0,,,0,
Eastern Province,Kayonza,Rukara,KayonzaRukara,"31,176","38,231","3,472","3,624","14,936","16,199",4.074244697,1741.672513,7641.907229,25.1,48.4,14.7,9.8,0,0,0.1,0.1,0,0,1,0.5,0.1,0.1,100,0,0,0,0,,,0,
Eastern Province,Kayonza,Ruramira,KayonzaRuramira,"16,937","21,185",,,"10,022","11,163",3.851865332,0,5499.932675,21.5,73.4,1.6,2.1,0.1,0,0,0,0.1,0,0.8,0.4,0,0.1,99.9,0,0,0,0,,,0,
Eastern Province,Kayonza,Rwinkwavu,KayonzaRwinkwavu,"28,225","36,774",,,"17,822","18,952",3.972207202,0,9257.825216,5.7,10.2,39.8,43.1,,0.1,0,0.2,0.1,0,0.5,0.2,0.1,0.1,99.3,0.6,0,0,0,,,0,
City of Kigali,Kicukiro,Gahanga,KicukiroGahanga,"27,808","79,082","40,127","38,955",,,3.448935891,22929.39112,0,7.1,2.2,68.6,8.1,0,1.3,0.1,0.4,0.1,0,5,0.5,0.2,6.3,99.4,0.2,0.2,0,0.1,0,0,0,0
City of Kigali,Kicukiro,Gatenga,KicukiroGatenga,"48,640","67,084","34,465","32,619",,,3.498977612,19172.45762,0,8.5,1.7,67.2,3.1,0,2.6,0.1,0.5,0.2,0,6.5,1.3,0.3,7.7,99.4,0.1,0.3,0,0.1,0,0,0.1,0
City of Kigali,Kicukiro,Gikondo,KicukiroGikondo,"17,146","19,803","11,383","8,420",,,3.515374621,5633.254528,0,3.9,1.9,67.8,5,,5.9,0.5,1.4,0.3,0.1,9.9,1,0.2,2.1,99.2,0.2,0.2,0.1,0.3,0,0,0.1,0
City of Kigali,Kicukiro,Kagarama,KicukiroKagarama,"14,385","21,277","10,839","10,438",,,3.889711325,5470.071741,0,6,1.8,32.1,3.7,0.1,13.1,1.1,1.9,0.5,0.1,32.6,1.9,1.7,3.3,96,0.4,2.3,0.1,1.1,0,0,0.1,0
City of Kigali,Kicukiro,Kanombe,KicukiroKanombe,"44,426","72,346","36,321","36,025",,,3.605396459,20066.0318,0,3,0.4,64.4,3.5,0,3.3,0.5,1,0.5,0.1,12,3.1,0.5,7.7,99.1,0.1,0.3,0.1,0.3,0,0,0,0
City of Kigali,Kicukiro,Kicukiro,KicukiroKicukiro,"16,450","14,039","7,328","6,711",,,3.097175895,4532.839101,0,1.3,0.5,71.7,4.5,0,5.4,0.8,1,0.1,0.2,10.2,1.7,0.7,1.9,99.2,0.1,0.2,0.1,0.3,0,0,0,0
City of Kigali,Kicukiro,Kigarama,KicukiroKigarama,"43,907","63,153","32,243","30,910",,,3.562998135,17724.6795,0,12.3,2.8,63.4,2.6,0,5.9,0.1,0.8,0.2,0.1,5,0.6,0.3,5.9,98.6,0.2,0.9,0.1,0.1,0,0,0,0
City of Kigali,Kicukiro,Masaka,KicukiroMasaka,"39,548","78,788","36,479","37,778","2,260","2,271",3.676959843,20195.21648,1232.268013,0.8,0.5,65.2,6.6,0,2.5,0.1,0.5,0.2,0.1,11.1,1.7,0.4,10.5,98.9,0.3,0.7,0.1,0,0,0,0,0
City of Kigali,Kicukiro,Niboye,KicukiroNiboye,"26,197","26,912","13,652","13,260",,,3.534371289,7614.366969,0,1.8,0.3,51.9,1.2,0.1,10.1,0.4,1.5,0.8,0.1,23.4,2.5,0.8,5.1,97.1,0.4,2,0.1,0.2,0,0,0.1,0
City of Kigali,Kicukiro,Nyarugunga,KicukiroNyarugunga,"40,057","49,247","24,018","25,229",,,3.890496864,12658.28035,0,1.9,0.2,52,1.5,0,6.6,0.4,2.2,0.4,0.1,22.3,2.8,0.6,8.9,98.5,0.3,0.7,0.3,0.2,0,0,0.1,0
Eastern Province,Kirehe,Gahara,KireheGahara,"39,484","44,462",,,"21,105","23,357",4.025095126,0,11046.19856,4.2,33.6,17.9,42.3,0,0,0,0.1,0,0,1.2,0.7,0,0,98.1,1.8,0,0,0,0,0,0,
Eastern Province,Kirehe,Gatore,KireheGatore,"26,923","31,687",,,"15,055","16,632",4.029531568,0,7863.693202,20.9,32,20.2,24.8,0,0.3,0,0.1,0,0,1.1,0.3,0,0.2,99.4,0.6,0.1,0,0,0,0,0,
Eastern Province,Kirehe,Kigarama,KireheKigarama,"31,149","37,136",,,"17,878","19,258",3.938766847,0,9428.331618,3.9,10.8,33.8,49.4,0,0.1,0,0.3,0.2,0,0.3,0.3,0.6,0.2,98.6,1.3,0,0,0,0,0,0,
Eastern Province,Kirehe,Kigina,KireheKigina,"26,909","34,642","3,480","3,636","13,186","14,340",3.878015935,1834.958937,7097.959487,20.7,29.4,30,15.8,0,0.6,0.1,0.1,0.1,0,2.2,0.9,0.1,0.1,99.9,0.1,0,0,0,0,0,0,
Eastern Province,Kirehe,Kirehe,KireheKirehe,"23,784","29,547","3,332","3,535","10,665","12,015",3.864059835,1777.146394,5869.474328,24.6,30.9,24.1,14.9,0,0.3,0,0.2,0.1,0,3,0.5,0,1.3,99.9,0.1,0,0,0,0,0,0,
Eastern Province,Kirehe,Mahama,KireheMahama,"23,643","81,014","2,741","2,940","36,838","38,495",4.279642177,1327.447428,17602.63987,1.6,14.3,26.1,57.3,0,0,,0,0.1,0,0,0.1,0.4,0.1,99.9,0,0,0,0,0,0,0,
Eastern Province,Kirehe,Mpanga,KireheMpanga,"31,771","40,173",,,"19,480","20,693",4.038922764,0,9946.464031,9.9,12.7,35.9,38.8,0,0.5,0,0.5,0.1,0,0.6,0.7,0,0.1,99.6,0.3,0,0,0,0,0,0.1,
Eastern Province,Kirehe,Musaza,KireheMusaza,"25,444","30,095",,,"14,355","15,740",3.954623175,0,7610.080321,9.6,24.7,22.5,40.1,0.1,0.1,0,0.9,0.4,0,1.2,0.4,0.1,0.1,98.8,1.2,0,0,0,0,0,0,
Eastern Province,Kirehe,Mushikiri,KireheMushikiri,"28,031","32,841",,,"15,833","17,008",3.980955847,0,8249.526311,17.2,44,11.7,23.4,0,0,,0.8,0.2,0,1.6,0.8,0.3,0.1,99.8,0.1,0,0,0,0,0,0,
Eastern Province,Kirehe,Nasho,KireheNasho,"26,954","33,665","3,037","3,361","13,040","14,227",4.005357143,1597.360678,6807.632635,2.1,9.4,46.2,39.6,0,1.4,0.4,0.3,0.1,0,0.3,0.2,0,0.1,99.7,0.3,0,0,0,0,0,0,
Eastern Province,Kirehe,Nyamugari,KireheNyamugari,"36,754","42,938","1,433","1,544","19,434","20,527",4.045066414,735.9582503,9878.947813,1.7,2.6,49.6,43.8,0,0.2,0,0.2,0.1,0,1.3,0.4,0,0,99.7,0.2,0,0,0,0,0,0,
Eastern Province,Kirehe,Nyarubuye,KireheNyarubuye,"19,522","22,660",,,"10,871","11,789",4.095868068,0,5532.404761,25.8,40.1,16.4,15.1,0,0.1,0,0.7,0.1,0,1.1,0.5,0,0.1,99.9,0,0,0,0,0,0,0,
Southern Province,Muhanga,Cyeza,MuhangaCyeza,"30,209","34,540","2,069","2,386","14,341","15,744",3.84792318,1157.767396,7818.503279,1.3,4,52.1,37.2,0,0.1,0,0.2,0.2,0,1.2,0.6,1.6,1.5,24.2,75.6,0.2,,,,,,
Southern Province,Muhanga,Kabacuzi,MuhangaKabacuzi,"25,440","28,192",,,"13,427","14,765",3.686428478,0,7647.510366,0.1,1.5,42.5,43.2,0,0,0,0.3,0.4,0,4.2,7.7,0,0.1,15.7,84.1,0.1,,,,,,
Southern Province,Muhanga,Kibangu,MuhangaKibangu,"20,028","20,326",,,"9,612","10,714",3.850967008,0,5278.154801,0.4,1.8,40.5,53,0,0,0,0.2,0.1,0,1.2,2,0.7,0.2,20.9,78.8,0.2,,,,,,0.1
Southern Province,Muhanga,Kiyumba,MuhangaKiyumba,"21,766","23,364",,,"11,009","12,355",3.477418393,0,6718.777368,0.5,3.9,39.8,43.6,0,0,0,0.3,0.4,0,4,7.3,0,0.2,12.5,87.3,0.1,0,,,,,
Southern Province,Muhanga,Muhanga,MuhangaMuhanga,"25,819","28,700",,,"13,742","14,958",3.832996088,0,7487.61526,0.1,1.6,56.3,40.1,0,0,0,0.1,0.1,0,0.4,0.3,0.1,0.8,13.9,85.8,0.3,,,,,,
Southern Province,Muhanga,Mushishiro,MuhangaMushishiro,"20,200","21,071",,,"9,909","11,162",3.848124428,0,5475.654541,0.1,1,45.8,51.4,0,0,0,0.3,0.1,0,1,0.3,0,0.1,10.6,89.2,0.1,,,,,,0
Southern Province,Muhanga,Nyabinoni,MuhangaNyabinoni,"16,780","16,253",,,"7,640","8,613",3.747691597,0,4336.802957,0.2,3.1,19.8,73.4,0.3,0,0,0.1,0.1,0,1.1,1.6,0,0.2,39.8,59.6,0.2,,,,0.1,0.1,0.2
Southern Province,Muhanga,Nyamabuye,MuhangaNyamabuye,"44,645","59,961","23,526","25,698","5,284","5,453",3.628714077,13565.13601,2958.899426,0.6,1,68.2,16.8,0.1,0.1,0,1.1,0.6,0,8.3,2.9,0.1,0.1,55.7,43.8,0.4,,,,,,0
Southern Province,Muhanga,Nyarusange,MuhangaNyarusange,"25,712","28,308",,,"13,585","14,723",3.920965058,0,7219.651178,0.5,3.3,36.6,57.9,0,0,0,0.1,0.1,0,0.5,0.2,0.2,0.6,6.8,93,0.1,,,,,,0
Southern Province,Muhanga,Rongi,MuhangaRongi,"26,851","29,389",,,"13,894","15,495",3.666375437,0,8015.818485,2,6.9,25,58.3,0,0.2,0,0.2,0.3,0,3.8,3,0,0.2,25.1,74.6,0.1,,,,,,0.1
Southern Province,Muhanga,Rugendabari,MuhangaRugendabari,"16,920","17,363",,,"8,170","9,193",3.637678122,0,4773.099603,0.1,0.7,53.5,43.9,0,0,0,0.2,0.1,0,0.4,0.5,0.1,0.6,16.1,83.6,0.1,0,,,,,0.1
Southern Province,Muhanga,Shyogwe,MuhangaShyogwe,"44,771","50,966","19,081","14,492","8,326","9,067",3.934457438,8533.069814,4420.685768,1.5,3.5,60.5,22.1,0,0.1,0.1,0.4,0.3,0,8.2,1.6,0.2,1.6,35.5,64,0.3,0,0.1,,,,0
Northern Province,Musanze,Busogo,MusanzeBusogo,"21,512","28,264","9,936","11,207","3,354","3,767",4.066426513,5199.405407,1751.168988,0.2,1.7,45,47.6,0,0.1,,0.4,0.5,0,2.8,0.5,0.7,0.6,63,36.9,0.1,0,,,,,0
Northern Province,Musanze,Cyuve,MusanzeCyuve,"39,091","62,179","21,320","23,873","8,027","8,959",4.021173271,11238.75967,4224.140283,3.4,10.4,35.5,25.7,0.1,0.1,0,2.1,3.3,0.1,15.7,2.6,0.1,0.8,98.8,1.1,0.1,0,,,,0,0
Northern Province,Musanze,Gacaca,MusanzeGacaca,"23,605","30,719","2,580","2,903","12,011","13,225",4.158179848,1318.605784,6069.001563,1.2,8.9,20.3,59.6,,0.3,,0.3,0.2,,2.4,0.8,5.9,0.2,56.1,43.7,0.1,,,0,,0,0
Northern Province,Musanze,Gashaki,MusanzeGashaki,"13,648","14,272",,,"6,761","7,511",4.124566474,0,3460.24245,0.2,1.8,14.1,72.8,,,,0.1,0.2,,0.5,0.5,9,0.9,33.6,66.3,0.1,,,,,0.1,0
Northern Province,Musanze,Gataraga,MusanzeGataraga,"22,710","26,721","4,906","5,409","7,780","8,626",4.199589452,2456.192473,3906.572342,1.8,19.2,21,50.6,0.1,0.7,,2.9,2.6,0,0.7,0.2,0.2,0.2,77.3,22.4,0.3,0,,0,0,0,
Northern Province,Musanze,Kimonyi,MusanzeKimonyi,"15,589","21,681","7,806","8,852","2,308","2,715",3.845265589,4332.08048,1306.281682,10.4,36.5,20.1,24.8,0,0.1,0,1,0.7,,4.8,1.4,0,0,96.6,3.4,,,0,0,,,
Northern Province,Musanze,Kinigi,MusanzeKinigi,"27,221","32,297","3,555","3,439","11,868","13,435",3.858431899,1812.653478,6557.845432,31.8,60.4,0.6,0.3,1.6,0.1,,0.2,0.1,0,1.8,2.2,0.9,0,99.7,0.1,,0,,,,0,0.1
Northern Province,Musanze,Muhoza,MusanzeMuhoza,"51,878","69,741","33,394","32,306","1,917","2,124",3.775798817,17400.29149,1070.237106,1.7,2.7,41.6,19.6,0,0.2,0.2,2.1,0.9,0.1,25.8,4.4,0.5,0.3,96,3.7,0.1,0,0,0,,0,0
Northern Province,Musanze,Muko,MusanzeMuko,"18,937","26,472","5,471","6,008","7,025","7,968",3.810580943,3012.401566,3934.570667,5,23.5,28.1,39.8,0,0,0,1,0.6,0,0.6,0.5,0.6,0.1,92.2,7.8,0,0,0,,,,
Northern Province,Musanze,Musanze,MusanzeMusanze,"31,864","47,720","12,205","13,612","10,273","11,630",3.863396838,6682.461337,5669.363236,16.7,46.7,17.6,7.6,0.7,0.1,0,0.4,0.2,0.1,8,1.5,0.6,0.1,99.4,0.1,0.4,,,0,0,0,0
Northern Province,Musanze,Nkotsi,MusanzeNkotsi,"13,546","17,349","3,186","3,453","4,922","5,788",3.801580334,1746.378984,2817.249423,8.7,33.5,24.8,29.7,0,0,,0.7,0.4,0,1.3,0.6,,0.1,88.6,11.3,0,,,0,,,0
Northern Province,Musanze,Nyange,MusanzeNyange,"27,466","31,274","6,543","7,421","8,069","9,241",3.823464644,3652.184942,4527.307458,21.3,53,11.2,9.8,0.4,,,1.2,0.3,0,1.8,0.4,0.2,0.1,99.8,0.1,0,,,,,,0
Northern Province,Musanze,Remera,MusanzeRemera,"19,112","19,987",,,"9,522","10,465",4.026852413,0,4963.429982,0.8,6.5,18.4,64.6,0,,,0,0.2,0,0.5,0.4,6.1,2.5,28.9,70.7,0.2,0.1,,,,0,0.1
Northern Province,Musanze,Rwaza,MusanzeRwaza,"20,926","23,120",479,502,"10,519","11,620",3.822137657,256.6626553,5792.308385,0.3,2.7,21.8,72.3,0,0,0,0.1,0.1,,0.7,0.5,0.1,1.3,55.6,44.2,0.1,0,,,,0,0
Northern Province,Musanze,Shingiro,MusanzeShingiro,"21,162","24,726","1,827","2,065","9,776","11,058",4.053304904,960.2041031,5140.003156,10.5,73.1,4.4,8.2,0.5,,,1.1,1.1,,0.2,0.1,0.6,0.1,95.5,4.3,,0,,0.1,,0,0.1
Eastern Province,Ngoma,Gashanda,NgomaGashanda,"16,309","19,345",,,"9,214","10,131",3.818774704,0,5065.76101,15.3,74.4,3.2,4.9,0,0.1,0,0.2,0.1,,1.1,0.6,0.1,0.1,99.9,0,0,,,,,,0
Eastern Province,Ngoma,Jarama,NgomaJarama,"23,861","31,122",,,"14,942","16,180",4.012382304,0,7756.489199,1.4,24,12.7,61.2,0.1,,,0.1,0,,0.3,0.2,0,0.1,96.9,3,0,,,,,0,0
Eastern Province,Ngoma,Karembo,NgomaKarembo,"14,902","17,726",,,"8,445","9,281",3.953358625,0,4483.782444,19.9,70.5,3.2,2.8,0,0.1,,0.5,0,,2.5,0.4,,0,99.8,0.2,,,,,,,
Eastern Province,Ngoma,Kazo,NgomaKazo,"27,318","32,450","2,071","2,243","13,526","14,610",3.919961311,1100.521066,7177.621862,19.9,62.3,6.7,7,0,0.1,,0.5,0.1,0,1.7,0.7,0.1,0.8,99.9,0.1,0,,0,,,0,0
Eastern Province,Ngoma,Kibungo,NgomaKibungo,"28,338","31,445","7,955","9,132","7,021","7,337",3.779870968,4520.524681,3798.542364,27.6,25.3,24.9,11.2,,0.9,0.1,0.6,0.3,0,6.9,1.1,0.2,0.8,99.7,0.1,0.1,0,,0,,,0
Eastern Province,Ngoma,Mugesera,NgomaMugesera,"25,716","28,637",,,"13,624","15,013",3.83570279,0,7465.90692,11.9,79,1.1,3.5,0,0,0,0.3,0.1,0,2.5,1.3,0,0.1,99.7,0.3,0,,,,,,0
Eastern Province,Ngoma,Murama,NgomaMurama,"22,409","26,702",751,851,"11,935","13,165",3.830126364,418.2629625,6553.308589,31.5,58.5,3.8,4.5,0,0,0,0.4,0.1,,0.9,0.2,,0,100,0,,,,,,0,
Eastern Province,Ngoma,Mutenderi,NgomaMutenderi,"20,907","24,915",,,"11,870","13,045",3.863445705,0,6448.90647,15.2,60.6,5.2,16.2,,0.7,,0.9,0.2,,0.8,0,0.1,0,99.7,0.3,,,,,,,
Eastern Province,Ngoma,Remera,NgomaRemera,"27,622","32,344","2,677","2,823","12,745","14,099",3.905626134,1408.224907,6873.16171,22.6,41.7,17.2,15.5,,0.2,,0.2,0.1,,1.6,0.4,0.3,0.2,100,0,0,,,,,,
Eastern Province,Ngoma,Rukira,NgomaRukira,"25,250","29,893","1,411","1,417","12,890","14,175",3.985311791,709.6057093,6791.187596,23.4,56.7,7.3,8.4,0,0.3,0,1.1,0.1,,2.1,0.4,0.2,0,99.8,0.1,0,0,0,,0,,0.1
Eastern Province,Ngoma,Rukumberi,NgomaRukumberi,"28,560","39,420",,,"18,739","20,681",3.941141141,0,10002.17921,6,25,23.9,43.9,0,0.5,,0.1,0,,0.4,0,0,0.3,99,1,0,,,,,,
Eastern Province,Ngoma,Rurenge,NgomaRurenge,"28,555","33,391",,,"15,842","17,549",3.936732767,0,8481.906692,17,55.2,10.2,16.5,0,0.1,,0.2,0,0,0.5,0.1,,0.1,99.9,0.1,,0,,,,0,
Eastern Province,Ngoma,Sake,NgomaSake,"23,703","28,822","2,824","3,142","10,938","11,918",4.006267409,1489.166696,5705.061012,8.6,66.3,9,13.6,0.1,0,0,0.2,0,,1.4,0.4,0.2,0.1,99.8,0.1,0,,,,0,,0
Eastern Province,Ngoma,Zaza,NgomaZaza,"23,478","27,836",,,"13,300","14,536",3.936618715,0,7071.042947,10.8,71.9,3.5,10.2,0,0.1,0,0.3,0.2,,1.9,0.7,0.3,0.1,99.7,0.3,0,,,,,,
Western Province,Ngororero,Bwira,NgororeroBwira,"18,632","20,012",,,"9,341","10,671",3.906658856,0,5122.535839,0.1,0.9,24.1,74.3,,,,,0,,0,0.1,,0.5,10.6,89.1,0.2,,,0,,,0
Western Province,Ngororero,Gatumba,NgororeroGatumba,"23,707","24,952",,,"11,718","13,234",3.788192331,0,6586.782776,0.1,0.7,46.2,51.9,0,0,,0.3,0.2,,0.3,0.2,0,0.1,28.8,71.1,0.1,,,,,,0
Western Province,Ngororero,Hindiro,NgororeroHindiro,"24,312","26,040",,,"12,030","14,010",4.01558642,0,6484.731563,0.2,1.1,35.6,61,0,0,,0.1,0.2,,0.2,0.5,0.6,0.3,26.4,73.2,0.2,0,0,0,,0,0.1
Western Province,Ngororero,Kabaya,NgororeroKabaya,"34,085","36,324","4,384","4,652","12,548","14,740",4.138688637,2183.300265,6593.392833,0.1,1.2,34.9,60.8,0,,,0.1,0.2,,0.7,0.4,0.2,1.4,23.2,76.7,0.1,0,,,,,
Western Province,Ngororero,Kageyo,NgororeroKageyo,"23,080","25,929",,,"12,075","13,854",3.951067073,0,6562.530962,0.1,1.2,28.5,68.2,,,,0.1,0.2,,0,0,,1.6,19.3,80.4,0.3,,,0,,,
Western Province,Ngororero,Kavumu,NgororeroKavumu,"28,165","32,791",,,"15,019","17,772",4.07788007,0,8041.187931,1.1,2.6,20,75.7,0,,,0,0.1,,0.1,0.1,0,0.2,13.9,85.8,0.2,,,0,,0,0
Western Province,Ngororero,Matyazo,NgororeroMatyazo,"25,914","27,673",,,"12,962","14,711",4.023580786,0,6877.70458,0.5,3.5,23.5,69.8,0,,,0,0.2,,0.6,1,0.3,0.6,31,68.5,0.2,,,0.1,0.1,0,0
Western Province,Ngororero,Muhanda,NgororeroMuhanda,"28,247","31,869",,,"14,678","17,191",4.134527983,0,7708.014102,1,2.4,21.2,72.3,0.2,0,,0,0.2,,0.2,0.1,1.3,1,20,79.3,0.2,0,,0,0.2,0.1,0.1
Western Province,Ngororero,Muhororo,NgororeroMuhororo,"21,463","22,273",,,"10,488","11,785",3.866597186,0,5760.362129,0.2,1.2,44.1,53.1,,0.1,0,0,0.1,,0.2,0.1,0.5,0.5,20.4,78.9,0.7,,,,,,
Western Province,Ngororero,Ndaro,NgororeroNdaro,"22,762","24,444",,,"11,317","13,127",3.846953236,0,6354.119352,0.2,3,29.9,64.5,,,,0,0.1,,0.1,1.4,0.4,0.4,8.6,91.3,0.1,,,0,0,,0
Western Province,Ngororero,Ngororero,NgororeroNgororero,"34,559","38,823","4,357","4,749","13,897","15,820",3.773395657,2413.211025,7875.399959,0.3,0.9,38.6,58.7,0,0,,0,0.1,,0.7,0.3,0.2,0.3,49.7,50,0.2,,,,0,,0
Western Province,Ngororero,Nyange,NgororeroNyange,"21,932","24,859",,,"11,536","13,323",3.828038248,0,6493.926756,0.2,1.9,21.3,73.5,0,,,0.2,0.1,0,1.1,0.7,0.6,0.3,7.4,92.2,0.3,0,,0.1,0,,0
Western Province,Ngororero,Sovu,NgororeroSovu,"26,855","31,966",,,"14,715","17,251",4.161046739,0,7682.201621,0.2,2.3,20.8,75.8,0,,,,0.1,,0.1,0.4,,0.2,14.1,85.7,0.1,,,0,0.1,0,0
Western Province,Nyabihu,Bigogwe,NyabihuBigogwe,"31,657","34,439","12,067","13,331","4,318","4,723",4.322816468,5875.336182,2091.460525,0.7,9.5,46.4,31.5,0.1,1.7,0,2.7,5,1,0.6,0.2,0.5,0.2,90.4,9.3,0.2,,,,,0.1,
Western Province,Nyabihu,Jenda,NyabihuJenda,"34,648","43,168","9,618","10,736","10,836","11,978",4.167310665,4884.2051,5474.513862,0.3,5.5,36.2,55.8,0.1,0,,0.4,0.5,0.1,0.2,0.5,0.2,0.2,72.9,26.6,0.2,0,,,,0.3,
Western Province,Nyabihu,Jomba,NyabihuJomba,"20,610","21,897",,,"10,253","11,644",4.151917964,0,5273.948134,0.2,1.5,22.2,75.2,,,,0,0.1,,0.2,0.2,0.1,0.2,23.2,76.6,0.1,,,,,0,
Western Province,Nyabihu,Kabatwa,NyabihuKabatwa,"18,971","20,841",,,"9,907","10,934",4.120689655,0,5057.648536,1.1,23,34.7,26.2,1,0,0,2.8,3.5,4.9,0.4,0.3,2,0,97.9,2,,,,,,0.2,
Western Province,Nyabihu,Karago,NyabihuKarago,"25,681","25,832",,,"12,090","13,742",4.094003499,0,6309.716151,1,6.6,22.9,68.9,,,,0.1,0.1,0,0.2,0.1,,0.1,27.3,72.4,0.2,,,,,0.1,
Western Province,Nyabihu,Kintobo,NyabihuKintobo,"15,379","15,315",,,"7,153","8,162",4.167755991,0,3674.63931,1.1,14.1,16,68.1,0.1,,,,0.2,,0,0.1,,0.3,31.4,68.4,0.1,,,,,0,
Western Province,Nyabihu,Mukamira,NyabihuMukamira,"28,675","33,013","10,485","11,776","5,011","5,741",4.141311187,5375.350703,2596.279177,0.4,2.1,41,52.7,0,0,,0.5,0.5,0.1,0.9,0.8,0.2,0.8,53.8,45.8,0.5,0,,,,0,
Western Province,Nyabihu,Muringa,NyabihuMuringa,"22,876","22,599",,,"10,606","11,993",4.226838855,0,5346.548751,0.4,1.1,19.8,78.3,0,,,0,0.1,,0.1,0.1,,0.1,14.8,85,0.1,,,,,0,
Western Province,Nyabihu,Rambura,NyabihuRambura,"28,484","28,820","1,994","2,399","11,441","12,986",4.140926086,1060.873802,5898.922003,0.8,5.8,32,59.1,0,0,,0,0.2,0,0.3,0.2,0.3,1.3,35.5,64.2,0.2,,,,,0.1,
Western Province,Nyabihu,Rugera,NyabihuRugera,"24,236","26,938",,,"12,554","14,384",4.223634652,0,6377.919073,5.5,34.7,19.8,39,,,,0,0.1,,0.3,0.1,0.2,0.2,71.7,28.1,0.1,,0,,,0,
Western Province,Nyabihu,Rurembo,NyabihuRurembo,"23,689","24,399",,,"11,500","12,899",4.193914389,0,5817.715322,4.5,40.1,13.2,41.9,,,0,0,0.1,,0.1,0,0,0.1,30.5,69.4,0.1,,,,,0,
Western Province,Nyabihu,Shyira,NyabihuShyira,"19,834","21,786","2,703","2,918","7,536","8,629",3.931563741,1429.711018,4111.595554,0.4,5.7,25,66.1,0,1.2,0,0.1,0.1,,0.5,0.5,,0.3,70.2,29.6,0.1,,0,,,0.1,
Eastern Province,Nyagatare,Gatunda,NyagatareGatunda,"27,776","35,310",,,"16,767","18,543",3.856236324,0,9156.596493,2.3,3.2,49.1,44.7,0.3,0.1,0.2,0.1,,,,,,,99.4,0.6,,,,,,0,
Eastern Province,Nyagatare,Karama,NyagatareKarama,"26,994","32,949","2,510","2,792","13,117","14,530",3.977971435,1332.840139,6950.024767,1.1,3.4,45,49.5,0.3,0.1,0.6,0.1,,,,,,,99.2,0.7,,,,,,,
Eastern Province,Nyagatare,Karangazi,NyagatareKarangazi,"57,444","96,915","13,464","13,879","34,556","35,016",4.154731623,6581.171175,16745.24526,1.7,3,52.4,41,0.8,0.3,0.8,0.1,,,,,,,99.6,0,0,,0,,,0.2,
Eastern Province,Nyagatare,Katabagemu,NyagatareKatabagemu,"34,033","43,719",,,"21,082","22,637",4.037896294,0,10827.17257,0.2,0.7,41.5,56.1,0.5,0.3,0.6,0,,,,,,,99.7,0.1,0,,,,,0.1,
Eastern Province,Nyagatare,Kiyombe,NyagatareKiyombe,"17,152","18,801",,,"8,956","9,845",3.897717842,0,4823.591845,2.1,26,22.5,48.4,0.1,0.1,0.7,0.1,,,,,,,99.5,0.4,0,,,,,,
Eastern Province,Nyagatare,Matimba,NyagatareMatimba,"23,704","28,487","5,679","6,103","8,092","8,613",3.99100239,2952.140552,4185.665246,4.6,8.8,49.3,32.1,2.9,0.3,1.9,0.1,,,,,,,99.8,,0.1,,,,,0.1,
Eastern Province,Nyagatare,Mimuri,NyagatareMimuri,"27,211","34,373","4,237","4,583","12,253","13,300",3.733906046,2362.137636,6843.503742,3.5,3,46.2,46.4,0.3,0.2,0.2,0.2,,,,,,,97.4,2.5,0.1,,,,,,
Eastern Province,Nyagatare,Mukama,NyagatareMukama,"21,679","25,659",286,298,"12,055","13,020",3.819347146,152.9057134,6565.258156,2.3,9.1,42.6,44.3,0.7,0.5,0.4,0.2,,,,,,,98.5,1.4,0,,,,,,
Eastern Province,Nyagatare,Musheri,NyagatareMusheri,"32,204","37,343","3,152","3,355","15,116","15,720",4.371894046,1488.370928,7053.235892,0.9,2.5,42.5,53.3,0.2,0.1,0.3,0.1,,,,,,,99.9,0,0,,,,,,
Eastern Province,Nyagatare,Nyagatare,NyagatareNyagatare,"52,107","81,915","17,317","16,861","23,458","24,279",3.887747722,8791.20829,12278.83171,1.1,2.1,49.8,34.8,8.3,1.9,1.9,0.2,,,,,,,99.4,0.1,0.1,,0,,,0,
Eastern Province,Nyagatare,Rukomo,NyagatareRukomo,"34,218","43,650","9,001","9,846","11,891","12,912",3.99459509,4718.125261,6209.139961,0.3,2.2,46.2,48.5,0.8,0.9,1.1,0,,,,,,,99.9,0.1,0,,,,,,
Eastern Province,Nyagatare,Rwempasha,NyagatareRwempasha,"20,512","38,592","2,215","2,285","17,019","17,073",4.211073422,1068.611147,8095.798051,1.3,4.3,51.3,40.8,0.7,0.2,1.2,0.2,,,,,,,99.3,0,0,0,,,,0.3,
Eastern Province,Nyagatare,Rwimiyaga,NyagatareRwimiyaga,"57,527","82,620","17,897","18,808","22,788","23,127",4.260059187,8616.077474,10778.01927,0.7,4.9,47,46.1,0.4,0.2,0.7,0.1,,,,,,,99.7,0,,,,,,0.2,
Eastern Province,Nyagatare,Tabagwe,NyagatareTabagwe,"33,294","53,528","1,635","1,691","24,197","26,005",4.245116722,783.4884687,11825.82324,1.6,5.9,43.5,47.3,0.2,0.7,0.7,0.2,,,,,,,99.9,0,0,0,,,,0,
Southern Province,Nyamagabe,Buruhukiro,NyamagabeBuruhukiro,"23,086","27,146",,,"12,955","14,191",3.98107672,0,6818.758318,5.9,66.3,2.4,7.7,0,0.1,,0.2,0.2,,12.4,4.1,0.5,0.2,5,94.7,0.2,0,,,,0,
Southern Province,Nyamagabe,Cyanika,NyamagabeCyanika,"24,549","25,693",434,476,"11,818","12,965",3.745658836,242.9479138,6616.459504,30.7,54.9,9.2,3,,0.4,,0,,0,0.6,0.4,0,0.7,34.7,65.1,0.1,,,,,0,
Southern Province,Nyamagabe,Gasaka,NyamagabeGasaka,"41,522","41,558","13,849","15,733","5,640","6,336",4.29237195,6891.760627,2790.065758,25.1,48.4,15.5,3.3,0,0.1,0,0.5,0.2,0.1,4.6,1.9,0.1,0.1,80.4,19.4,0.1,0,,,,0,
Southern Province,Nyamagabe,Gatare,NyamagabeGatare,"15,476","19,151",,,"9,781","9,370",4.009863259,0,4775.973334,8.4,59.7,7.4,19.2,,,,0,0.2,0,3.3,1.3,0.3,0.2,5.3,94.4,0.2,,,,,0.1,
Southern Province,Nyamagabe,Kaduha,NyamagabeKaduha,"20,614","22,898","1,290","1,416","9,689","10,503",3.834982391,705.609498,5265.213224,10.7,61.9,13.5,11.7,0.1,0.1,,,0.1,,0.8,1,0,0.1,16.6,82.9,0.1,0.2,,,,0.2,
Southern Province,Nyamagabe,Kamegeri,NyamagabeKamegeri,"13,579","14,400",,,"6,782","7,618",3.844776917,0,3745.340838,20.7,70.5,6.2,1.6,0,0,,0.1,,,0.5,0.2,,0.1,45.5,54.2,0.1,,,,,0.3,
Southern Province,Nyamagabe,Kibirizi,NyamagabeKibirizi,"21,479","23,287",633,691,"10,552","11,411",4.223109015,313.5131002,5200.670862,21.9,68.5,3.9,2.1,,,,,0.1,,2.7,0.5,0,0.3,30,69.7,0.2,,,,,0.1,
Southern Province,Nyamagabe,Kibumbwe,NyamagabeKibumbwe,"12,518","13,767",,,"6,461","7,306",3.894453877,0,3535.027102,13.1,78.1,3.7,3.1,,,,,,,1.3,0.5,,0.2,21.5,78.4,0.1,,,,,0,
Southern Province,Nyamagabe,Kitabi,NyamagabeKitabi,"25,463","28,172",,,"13,342","14,830",4.261666667,0,6610.559249,10.3,72.8,3.6,2.5,,,0,0.2,0.1,0,6.7,3.5,0,0.3,38.1,61.5,0.2,,,,,0.1,
Southern Province,Nyamagabe,Mbazi,NyamagabeMbazi,"11,876","12,511",,,"5,929","6,582",3.807856273,0,3285.57569,30.8,54.5,8.8,5.1,,0.2,,0.1,,,0.2,0.2,,0.1,25.8,74.1,0,,,,,0,
Southern Province,Nyamagabe,Mugano,NyamagabeMugano,"18,152","19,738",,,"9,412","10,326",3.758285714,0,5251.862551,5.1,48.1,8.3,36.9,0,0,,0,0,,0.9,0.3,0,0.2,6.5,93.1,0.1,,,,,0.2,
Southern Province,Nyamagabe,Musange,NyamagabeMusange,"18,680","20,345",,,"9,885","10,460",3.823584728,0,5320.92302,1.2,8.4,30,58.7,,0,0,0.1,0.1,,0.9,0.3,0.1,0.2,7.4,92.3,0.2,,,,,0.1,
Southern Province,Nyamagabe,Musebeya,NyamagabeMusebeya,"18,689","20,416",,,"9,551","10,865",3.989051808,0,5118.008234,13.5,66.2,3.1,8.9,0.3,0,,0.1,0.1,,5.6,2.3,,0,6.2,93.7,0,,,,,0,
Southern Province,Nyamagabe,Mushubi,NyamagabeMushubi,"12,777","13,972",,,"6,524","7,448",3.911229348,0,3572.27837,18.1,74.3,2.1,2,,0.1,,0,0.1,,2.7,0.3,,0.3,5.6,94.2,0.1,,,,,0.1,
Southern Province,Nyamagabe,Nkomane,NyamagabeNkomane,"16,362","18,012",,,"8,411","9,601",3.960176018,0,4548.282682,11.1,64,7.2,14.4,0,,0,0,,0,2.3,0.6,,0.3,4.6,95.2,0.1,0,,,,0,
Southern Province,Nyamagabe,Tare,NyamagabeTare,"22,765","24,561","2,498","2,576","9,196","10,291",4.010339734,1265.229466,4859.189319,10.7,63.6,6.9,4.6,0.1,0.2,,0.3,0.2,0,9,3.6,0.5,0.2,34,65.6,0.2,,0,,,0.1,
Southern Province,Nyamagabe,Uwinkingi,NyamagabeUwinkingi,"23,904","25,874",468,528,"11,625","13,253",4.109451946,242.3680854,6053.848622,6.4,58.7,7.1,16.7,0,0,,0,0.1,,7.7,2.7,0.4,0.1,16.9,82.9,0.1,,,,,0.1,
Western Province,Nyamasheke,Bushekeri,NyamashekeBushekeri,"24,879","29,680",761,790,"13,306","14,823",4.705405405,329.6209075,5978.01838,3.5,29.5,17,24.1,0,0.1,,0.3,0.3,15.8,5.6,3.5,0.2,0.1,97,2.6,0.1,,,0,,0.1,0.2
Western Province,Nyamasheke,Bushenge,NyamashekeBushenge,"21,860","22,624","1,775","1,904","8,796","10,149",4.652406417,790.7735632,4072.086207,2.7,48.7,0.5,0.1,0.1,0,0.1,0.2,0.1,41.6,4.4,1.3,0.1,0,99.9,,,,,,,,0.1
Western Province,Nyamasheke,Cyato,NyamashekeCyato,"23,866","26,996",,,"12,548","14,448",4.563430311,0,5915.725268,0.4,4.4,37.2,57.1,0,,,0.1,0.1,,0.2,0.1,0.3,0.2,73.8,25.8,0.1,,,0.1,,0,0.2
Western Province,Nyamasheke,Gihombo,NyamashekeGihombo,"24,817","29,843",,,"14,099","15,744",4.414160865,0,6760.741376,1.4,10.7,30.4,56.9,0,0,,0.1,0.1,,0.2,0.1,,0.1,87.5,12.1,0,,,0.3,0,0,0
Western Province,Nyamasheke,Kagano,NyamashekeKagano,"33,377","39,994","4,765","5,184","14,282","15,763",4.515020973,2203.533507,6654.454139,1,6.4,35.2,52.7,0,0.1,,0.1,0.1,0.2,2.8,1,0.2,0.1,61.6,38,0.1,,,0.1,0,0,0.1
Western Province,Nyamasheke,Kanjongo,NyamashekeKanjongo,"32,889","40,341","7,273","7,559","11,968","13,541",4.39341917,3375.95832,5806.183979,0.1,0.7,56.7,37.1,0,0,,0.4,0.3,,3.1,0.5,,1.1,56.9,42.8,0.2,0,,0,0,,0
Western Province,Nyamasheke,Karambi,NyamashekeKarambi,"26,930","29,726",,,"14,082","15,644",4.400622038,0,6754.954128,0.6,2.6,50.9,42.8,0,,,0.2,0.1,,0.3,0.1,,2.3,94.2,5.7,0,,,,,0,0
Western Province,Nyamasheke,Karengera,NyamashekeKarengera,"29,657","32,504",,,"15,399","17,105",4.663363493,0,6970.076437,1,30.5,1.1,8,0.1,0,,0.4,0.8,46.1,6,4.9,1,0.1,99.5,0.2,0,,0,0,0,0,0.2
Western Province,Nyamasheke,Kirimbi,NyamashekeKirimbi,"22,434","25,647",,,"12,092","13,555",4.530482417,0,5660.986543,1.5,7.5,37.1,53,,0,,0,0.1,,0.4,0.3,,0.1,88.4,11.4,0,,,0.1,0,0.1,0.1
Western Province,Nyamasheke,Macuba,NyamashekeMacuba,"28,708","33,319",,,"15,818","17,501",4.529611981,0,7355.817704,0.8,2.6,52.7,42.6,0,0.1,0,0.2,0.2,,0.4,0.3,0,0.1,72.2,27.4,0.1,,,0.1,0,0.1,0.1
Western Province,Nyamasheke,Mahembe,NyamashekeMahembe,"16,799","20,043",,,"9,519","10,524",4.234920635,0,4732.792354,2.5,12,43.4,40.8,0,,,0,0,,0.3,0.1,0.1,0.7,83.3,16.2,0.2,,,0,0.2,0,0
Western Province,Nyamasheke,Nyabitekeri,NyamashekeNyabitekeri,"29,766","29,293",,,"13,663","15,630",4.70978121,0,6219.609509,7.4,71.1,0.6,0.6,0,0,0,0.4,0.1,13.4,3.5,2.3,0.5,0,99.5,0.4,,,,,,,0.1
Western Province,Nyamasheke,Rangiro,NyamashekeRangiro,"14,720","17,967",,,"8,354","9,613",4.528358961,0,3967.662492,0.5,3.3,25.5,69.9,0.1,,,0.1,0.1,,0.3,0.1,0.1,0.3,76.3,23.2,0.2,,,,,0,0.3
Western Province,Nyamasheke,Ruharambuga,NyamashekeRuharambuga,"24,649","28,180",511,506,"12,733","14,430",4.664507557,218.0294463,5823.337119,1.7,14.4,1,0.6,0,0,0,0.2,0.1,70.5,7,3,0.7,0.4,99.8,0,,,,0,,0,0.1
Western Province,Nyamasheke,Shangi,NyamashekeShangi,"26,453","28,064","1,098","1,251","12,016","13,699",4.783714578,491.041002,5375.529743,3.2,46.7,0.2,1.9,0.1,0.1,,0.2,0,43.9,2.8,1,0.1,0,99.7,0.2,,,,,,0,0.1
Southern Province,Nyanza,Busasamana,NyanzaBusasamana,"42,870","50,661","13,657","14,847","10,635","11,522",3.716083916,7670.440346,5962.459541,6.8,6.7,60.6,17.9,0,0.3,0.1,0.4,0.3,0,5,1.5,0.1,0.2,62.2,37.5,0.1,0.1,0,,,0,0
Southern Province,Nyanza,Busoro,NyanzaBusoro,"34,037","39,644",,,"19,054","20,590",3.925555115,0,10098.95386,5.5,18.3,47.1,28,,0,,0.1,0,,0.4,0.2,0,0.3,56,43.8,0.1,,,,,0,0
Southern Province,Nyanza,Cyabakamyi,NyanzaCyabakamyi,"22,273","23,199",,,"10,989","12,210",3.711701617,0,6250.233019,0.8,5.3,37.6,55.3,0,,,0.1,0,,0.6,0.1,0,0.2,10.8,88.9,0.1,,,,,0.1,0
Southern Province,Nyanza,Kibilizi,NyanzaKibilizi,"32,243","40,939",,,"19,705","21,234",3.977553202,0,10292.50847,20.4,44.2,24,9.8,,0,0,0.1,0,,0.8,0.4,0,0.3,78.2,21.6,0.1,,0,,,0,0
Southern Province,Nyanza,Kigoma,NyanzaKigoma,"35,297","41,004",,,"19,736","21,268",3.878951353,0,10570.89823,7.5,9.5,57.4,25,0,0,,0,0,0,0.3,0.1,,0.2,32.1,67.6,0.2,,,,,0,0
Southern Province,Nyanza,Mukingo,NyanzaMukingo,"50,756","45,708",,,"25,312","20,396",3.831408548,0,11929.81626,2.4,4.3,58.2,33.6,,0.2,0,0.1,0.1,,0.3,0.4,0,0.3,21.7,77.9,0.3,0,,,,0,0
Southern Province,Nyanza,Muyira,NyanzaMuyira,"35,544","42,041",,,"20,085","21,956",3.861162192,0,10888.1725,17.9,30.5,37.3,13.1,0,,0,0,,0,0.7,0.1,0,0.3,66.7,33,0.2,0,,,,0,0
Southern Province,Nyanza,Ntyazo,NyanzaNtyazo,"26,740","33,826","2,558","2,703","13,644","14,921",3.948702899,1332.336247,7234.021077,15.1,41.1,26.6,16,0,0,0,0.2,0,,0.5,0.2,,0.1,85.6,14.3,0,0,,,,0,0.1
Southern Province,Nyanza,Nyagisozi,NyanzaNyagisozi,"25,939","28,092",,,"13,539","14,553",3.891183809,0,7219.396815,11,44.6,21.4,22.2,0,,,0,0.1,0,0.2,0.2,0.1,0.3,23.1,76.6,0.2,,,,,0,0
Southern Province,Nyanza,Rwabicuma,NyanzaRwabicuma,"18,020","20,604",,,"9,731","10,873",3.747905282,0,5497.47084,2.5,14.3,41.8,39,,0,,0.5,1.1,,0.2,0.3,0,0.2,19.2,80.5,0.1,,,,,0,0
City of Kigali,Nyarugenge,Gitega,NyarugengeGitega,"28,728","26,668","13,699","12,969",,,3.234737225,8244.25545,0,56.5,4.6,30.1,2,0,0.6,0.1,0.4,0.1,0.2,3.1,0.8,0.4,1.1,99.8,0.1,0,0,0,0,,0,0
City of Kigali,Nyarugenge,Kanyinya,NyarugengeKanyinya,"21,859","31,026","7,537","6,900","8,239","8,350",3.574927787,4038.403251,4640.373453,27.7,13.4,45.8,8.1,0,1,0.1,0,,0,1.2,0.4,0.1,2.1,99.7,0.2,0,0,0,0,,0,0
City of Kigali,Nyarugenge,Kigali,NyarugengeKigali,"30,023","61,499","23,303","20,882","8,821","8,493",3.42778181,12890.26036,5051.079958,32.1,8.2,43.9,4.7,0,1,0,0.2,0.1,0.1,3.8,2,0.2,3.8,99.6,0.3,0,0,0,0,,0,
City of Kigali,Nyarugenge,Kimisagara,NyarugengeKimisagara,"46,753","56,534","28,905","27,629",,,3.430023123,16482.10463,0,17.9,2.7,65.1,4.6,0,0.8,0.1,1.4,0.2,0,3.5,0.4,0.1,3.1,99.7,0.1,0.1,0,0,0,,0,0
City of Kigali,Nyarugenge,Mageregere,NyarugengeMageregere,"23,407","59,747","17,361","17,869","16,677","7,840",3.785416332,9306.770222,6476.698425,19.6,11.3,47.2,11.6,0,0.9,,0.1,0,0,1.7,0.4,0.1,7.2,99.1,0.5,0.3,0,0,0,,,0
City of Kigali,Nyarugenge,Muhima,NyarugengeMuhima,"29,768","22,531","12,286","10,245",,,3.114541979,7234.129497,0,23.8,3.6,51.1,3.9,0,1.8,1.2,1.4,0.4,0.3,9.9,1.1,0.3,1.2,99.5,0.1,0.1,0,0.1,0,,0,0
City of Kigali,Nyarugenge,Nyakabanda,NyarugengeNyakabanda,"25,666","29,580","14,752","14,828",,,3.476426214,8508.738048,0,32.1,3.3,48.9,2.9,,2.7,0.1,0.4,0,0.1,6.4,1,0.1,2.1,99.6,0.1,0.1,0,0.1,,,0,
City of Kigali,Nyarugenge,Nyamirambo,NyarugengeNyamirambo,"40,292","55,315","27,838","27,477",,,3.558831119,15543.02471,0,25.5,4.5,49,4.1,0,4.3,0.1,0.4,0.2,0,5.9,1.2,0.3,4.3,98.8,0.6,0.2,0.1,0.2,0,,0,0
City of Kigali,Nyarugenge,Nyarugenge,NyarugengeNyarugenge,"21,302","16,665","8,806","7,859",,,3.191295938,5222.016486,0,34.9,2.6,38.7,1.1,0,4,1.2,1.6,0.2,0.2,10,1,0.3,4.1,98.1,0.1,0.4,0.2,1,0,,0.1,0.1
City of Kigali,Nyarugenge,Rwezamenyo,NyarugengeRwezamenyo,"16,763","14,754","7,556","7,198",,,3.385149202,4358.448954,0,24.6,3.5,45.5,3.2,,5.8,0.3,0.3,0.2,0,12.2,1.8,0.1,2.4,97.7,0.2,0.1,0.4,0.4,,,1.2,
Southern Province,Nyaruguru,Busanze,NyaruguruBusanze,"27,190","29,795",,,"14,369","15,426",4.416852099,0,6745.754517,7.7,51.8,15.5,23.9,,,0,0,,0.3,0.5,,0.2,,21.2,78.3,0.1,0,,0,0,0.1,0.2
Southern Province,Nyaruguru,Cyahinda,NyaruguruCyahinda,"21,377","24,929",,,"11,952","12,977",4.531210191,0,5501.620748,20.1,47.4,20.5,11.2,0,,0.1,0.1,,0.3,0.1,0,0.2,,16.1,83.6,0.2,,,0,,0.1,0
Southern Province,Nyaruguru,Kibeho,NyaruguruKibeho,"21,456","25,885","3,718","3,923","8,608","9,636",4.060199084,1881.927423,4493.375725,23.7,51.5,16.2,5.3,0,,0.2,0.1,,1,1.6,0,0.3,,51.8,47.9,0,,,0.1,0,0,0.1
Southern Province,Nyaruguru,Kivu,NyaruguruKivu,"17,719","19,812",,,"9,536","10,276",4.493981376,0,4408.562996,22.3,75.1,0.5,0.5,0,,0.2,0,,0.6,0.3,0,0.5,,38.9,60.5,0.3,,,0,,0,0.2
Southern Province,Nyaruguru,Mata,NyaruguruMata,"13,900","16,117",,,"7,780","8,337",4.102982411,0,3928.118228,24,56.9,9.4,3.9,,0.1,0,0,,2,3.6,,0.1,,47.9,51.8,0.1,,,,0,0,0.1
Southern Province,Nyaruguru,Muganza,NyaruguruMuganza,"19,208","21,383",,,"10,201","11,182",4.423978428,0,4833.432249,10.6,64.7,7.8,14.1,,,0,,,1.9,0.6,0.2,0.1,,28.7,71.1,0.1,,,0.1,0,,0.1
Southern Province,Nyaruguru,Munini,NyaruguruMunini,"15,994","19,760",,,"9,642","10,118",4.35207824,0,4540.359551,19.5,60.1,10.4,4,0,,0,0,0,4.1,1,,0.7,,35.9,63.6,0.4,,,,,0,0.2
Southern Province,Nyaruguru,Ngera,NyaruguruNgera,"22,440","24,242",,,"11,477","12,765",4.033816425,0,6009.693413,14,56.3,15.1,12.7,0,0,0,0,,0.7,0.4,,0.6,,17,82.5,0.1,,,0,,0.1,0.3
Southern Province,Nyaruguru,Ngoma,NyaruguruNgoma,"22,950","24,358",,,"11,514","12,844",4.088877688,0,5957.135884,18,67,7.8,6.1,,0.1,0.1,,,0.3,0.1,0.2,0.4,,15.4,84,0.4,,,0,0,0.1,0.2
Southern Province,Nyaruguru,Nyabimata,NyaruguruNyabimata,"16,953","18,843",,,"8,850","9,993",4.385045423,0,4297.104861,7.4,73.1,7.3,10.6,0,,0.1,,,0.9,0.1,,0.5,,26.5,73,0.3,,,,,0,0.3
Southern Province,Nyaruguru,Nyagisozi,NyaruguruNyagisozi,"18,275","19,674",,,"9,470","10,204",4.234482759,0,4646.140065,15.9,42.9,23.1,17,,,0.1,0,,0.2,0.6,0,0.2,,15,84.6,0.2,0,,,,0,0.2
Southern Province,Nyaruguru,Ruheru,NyaruguruRuheru,"35,599","27,712",,,"13,095","14,617",4.534731324,0,6111.056647,7.9,55,14.9,18.6,0,,,,,0.8,2.4,,0.3,,45.9,53.7,0.1,,,0,,0.1,0.2
Southern Province,Nyaruguru,Ruramba,NyaruguruRuramba,"17,126","18,705",,,"8,915","9,790",4.321387283,0,4328.471108,17.5,76.8,2,1.2,,,0,0,0,1.5,0.6,0.1,0.2,,39.8,60,0.1,,,,,,0
Southern Province,Nyaruguru,Rusenge,NyaruguruRusenge,"24,147","26,911",,,"12,853","14,058",4.283415644,0,6282.603005,16.7,69,7.8,5.5,0,,0,,,0.2,0.1,,0.7,,21.3,78.5,0.1,,,0,,0,0.1
Western Province,Rubavu,Bugeshi,RubavuBugeshi,"29,687","33,892","2,031","2,262","14,225","15,374",4.231885903,1014.441338,6994.281196,8.2,48.1,8.3,4,0.8,0,0,0.6,0.4,23.6,0.6,0.3,5.3,0.1,99.9,0,0,0,0,,,0,0.2
Western Province,Rubavu,Busasamana,RubavuBusasamana,"31,253","40,542","2,162","2,373","17,237","18,770",4.377484167,1035.983187,8225.50091,4.2,46.9,13.2,25.5,1,0,0,0.5,0.2,5.8,0.4,0.1,1.6,0.5,99.5,0.2,0,0,0,,,0.1,0
Western Province,Rubavu,Cyanzarwe,RubavuCyanzarwe,"29,615","38,977","3,121","3,400","15,541","16,915",4.581305115,1423.393517,7084.444102,0.5,2,18.5,73.3,0.1,0.1,0,0.3,0.9,4,0.1,0,0.1,0.1,81,18.6,0.1,0,0,,,0,0.1
Western Province,Rubavu,Gisenyi,RubavuGisenyi,"53,603","51,594","25,456","26,138",,,3.8878978,13270.41055,0,0.4,0.2,60.9,7.9,0.1,0.8,0.2,0.9,0.4,0.1,20.6,4.5,0.1,2.8,99.5,0.1,0.2,0,0.1,,,0,0.1
Western Province,Rubavu,Kanama,RubavuKanama,"29,220","37,584","7,891","8,597","9,847","11,249",4.419609228,3730.646568,4773.272684,0.4,5,41,51.9,0,0,0,0.1,0.1,0,0.6,0.4,0,0.4,26.6,72.8,0.3,0,0,,,0,0.9
Western Province,Rubavu,Kanzenze,RubavuKanzenze,"21,309","23,127","8,727","9,912","2,094","2,394",4.319871674,4314.711502,1038.91975,0.8,13,42.2,36.9,0.5,0.2,0,0.2,0.2,4.4,0.5,0.2,0.5,0.4,84.1,15.4,0.3,0,0,,,0.1,0
Western Province,Rubavu,Mudende,RubavuMudende,"26,031","32,077","3,989","4,381","11,264","12,443",4.268766756,1960.75365,5553.594599,5.5,53.8,16.1,12,2.5,0,0,0.4,0.5,4.9,0.5,0.7,2.1,1,97.8,1.3,0,0,0,,,0,0.1
Western Province,Rubavu,Nyakiriba,RubavuNyakiriba,"30,068","50,834","11,600","12,785","17,156","9,293",4.418057743,5519.393684,5986.567297,0.2,0.5,54.3,40.3,0,0,0,0.3,0.1,0,2.4,1,0,0.7,53.5,46.3,0.2,0,0,,,0,0.1
Western Province,Rubavu,Nyamyumba,RubavuNyamyumba,"37,491","48,718","10,039","10,320","13,689","14,670",4.468233566,4556.386702,6346.803403,0.8,1.3,41.9,54.1,0,0.1,0,0.2,0.1,0,0.7,0.4,0.1,0.2,67.1,32.4,0.3,0.1,0,,,0,0.1
Western Province,Rubavu,Nyundo,RubavuNyundo,"30,417","42,305","7,939","8,777","12,123","13,466",4.456907478,3750.582682,5741.424996,1,1.6,32.7,62.2,0,0.1,0,0,0.1,0,1.7,0.5,0,0.2,26,73.7,0.2,0,0,,,0,0
Western Province,Rubavu,Rubavu,RubavuRubavu,"42,394","80,107","31,948","33,947","6,816","7,396",4.328951639,15221.93027,3283.011959,0.5,1.4,58,34.4,0.1,0.2,0.1,0.2,0.2,0.1,3.2,0.9,0.3,0.4,95.4,4.2,0.2,0,0,,,0,0
Western Province,Rubavu,Rugerero,RubavuRugerero,"42,574","66,926","27,445","29,208","4,959","5,314",4.255394996,13313.2177,2414.11197,0.7,1.4,51.7,41.5,0.1,0,0,0.2,0.3,0,2.5,1.2,0.2,0.2,82,17.7,0.1,0,0,,,0.1,0.1
Southern Province,Ruhango,Bweramana,RuhangoBweramana,"29,095","31,152","2,954","3,076","12,072","13,050",3.686878257,1635.530001,6813.894642,0.7,2.1,51.7,41,0,0,,0.3,0.5,,1.1,1.2,0.4,0.8,27.7,72.1,0.2,,,,,,0
Southern Province,Ruhango,Byimana,RuhangoByimana,"33,903","40,046","2,550","2,842","16,563","18,091",3.767606298,1431.147411,9197.882491,2.1,5,51.4,37.6,0,,0,0.1,0.2,0,1.8,1.3,0.5,0.2,21.3,78.4,0.2,,,0,,,0
Southern Province,Ruhango,Kabagali,RuhangoKabagali,"23,855","25,602",829,976,"11,193","12,604",3.754961047,480.6973968,6337.482521,0.6,5.1,30.1,63,0,,0,0.1,0.1,,0.1,0.1,0.4,0.3,8.7,90.9,0.2,,,0.1,0,,0
Southern Province,Ruhango,Kinazi,RuhangoKinazi,"43,658","51,016","2,359","2,625","22,098","23,934",3.897728142,1278.693592,11809.95655,1.9,3.9,56.8,36.4,0,0.1,,0,0,,0.2,0.3,0.1,0.2,37.6,61.6,0.7,,,0,0,0,0.1
Southern Province,Ruhango,Kinihira,RuhangoKinihira,"24,960","25,932",516,560,"11,765","13,091",3.70303117,290.5727634,6712.338855,0.3,1.1,33.3,64.2,,,,0.1,0.1,,0.5,0.3,0,0.1,9,90.7,0.1,,,0,0.1,0,0.1
Southern Province,Ruhango,Mbuye,RuhangoMbuye,"41,004","45,747",,,"22,111","23,636",3.876261555,0,11801.83518,1,3.2,54.4,39.8,0,,0,0.1,0.1,,0.1,0.2,0.1,0.9,15.2,84.5,0.2,,,,,,0
Southern Province,Ruhango,Mwendo,RuhangoMwendo,"25,965","25,908",,,"12,485","13,423",3.839857651,0,6747.125116,0.6,4.7,34.5,59.2,0,0,,0.1,0,0,0.2,0.3,0.1,0.2,6.2,93.6,0.2,,,0,0,,0
Southern Province,Ruhango,Ntongwe,RuhangoNtongwe,"31,745","38,100",,,"18,275","19,825",3.950563204,0,9644.194519,1.6,5.3,60.7,31.2,0,0.2,,,0.1,,0.4,0.2,0.1,0.2,32.1,67.8,0.1,,,,,,0
Southern Province,Ruhango,Ruhango,RuhangoRuhango,"65,700","75,618","9,530","10,262","26,796","29,030",3.687695465,5367.037541,15138.45179,1.2,3,64.7,28.1,0,0.1,0,0.3,0.1,,1.7,0.5,0.1,0.1,34.4,65.4,0.1,,0,0,,0,0
Northern Province,Rulindo,Base,RulindoBase,"17,341","20,528","1,889","2,111","7,685","8,843",3.919595111,1020.51357,4216.762072,0.8,1.5,39.8,53.8,,,,0.1,0.2,,2.3,1,0.3,0.2,46.4,53.3,0.2,,,0,,0,0
Northern Province,Rulindo,Burega,RulindoBurega,"12,730","13,893",,,"6,571","7,322",3.729177861,0,3725.486023,4.1,15.1,38.8,38.2,,0.1,0.9,0.1,0.1,,0.9,0.8,0.4,0.4,30.4,68.8,0.6,,0.1,0,,,0
Northern Province,Rulindo,Bushoki,RulindoBushoki,"19,970","23,570",,,"11,102","12,468",3.939312205,0,5983.277987,0.4,1.4,51.6,43.6,0,0,,0.2,0.1,0,0.8,0.5,0.4,0.8,43.6,56.3,0.1,,0,,0,,
Northern Province,Rulindo,Buyoga,RulindoBuyoga,"22,171","24,721",,,"11,743","12,978",3.896214511,0,6344.876528,1.5,9,34.9,51.1,0,0.1,,0.1,0.2,,1.5,1.1,0.3,0.1,28.4,71.3,0.2,,,,,,0
Northern Province,Rulindo,Cyinzuzi,RulindoCyinzuzi,"13,662","15,768",,,"7,543","8,225",3.940235059,0,4001.791712,13.6,25.4,32.7,25.8,,0.2,,0.1,0.1,,1.4,0.7,0.1,0.1,77.8,22.1,0,,,0,,,0
Northern Province,Rulindo,Cyungo,RulindoCyungo,"13,489","15,350",,,"7,212","8,138",4.04376483,0,3795.967532,0.6,1.4,24.9,70.5,,,,,0.2,,1.4,0.4,0.4,0.3,33.5,66.5,0.1,,,,,,0
Northern Province,Rulindo,Kinihira,RulindoKinihira,"15,344","17,145",862,900,"7,220","8,163",3.926605505,448.7336449,3917.633178,0.5,2.5,43.7,47.8,0,,,0,0,,2,0.4,1,1.9,43.8,55.9,0.1,,,0,,0,0.1
Northern Province,Rulindo,Kisaro,RulindoKisaro,"19,868","23,113",,,"11,054","12,059",3.94988026,0,5851.569789,1.4,5.7,33.4,57.2,0,0.1,0.1,0.1,0.1,,1.4,0.4,0,0.2,50.9,48.8,0.2,,,,,0,0
Northern Province,Rulindo,Masoro,RulindoMasoro,"20,733","27,311",,,"13,261","14,050",3.936579023,0,6937.749716,23.1,25,34.2,13.5,0,0.5,0,0.2,0.2,,1.9,1.1,0.1,0.2,97,2.8,0.1,0.1,0,0,,0,
Northern Province,Rulindo,Mbogo,RulindoMbogo,"16,795","19,101",,,"9,070","10,031",3.920706656,0,4871.825841,1.4,6.2,49.5,41.8,0,0.1,,0,0.1,,0.5,0.2,0.1,0.1,43.1,56.7,0,,,0.1,,0,0
Northern Province,Rulindo,Murambi,RulindoMurambi,"17,892","27,283","4,513","4,569","8,780","9,421",3.991070122,2275.580164,4560.431024,22.7,24.4,39.7,9.9,0,0.1,0,0.2,0.2,,1.6,0.9,0.1,0,99.5,0.5,,,,,,,
Northern Province,Rulindo,Ngoma,RulindoNgoma,"10,881","12,703",,,"6,061","6,642",3.911891559,0,3247.278154,22.8,32.6,27,16.7,,0.1,,0,0,,0.4,0.1,0.4,,93.4,6.6,0,,,,,,
Northern Province,Rulindo,Ntarabana,RulindoNtarabana,"18,065","24,748",,,"11,930","12,818",3.882343701,0,6374.50002,14.4,23.6,42.2,18,0,0.1,0,0,0,0,0.6,0.3,0,0.6,81.5,18.3,0.1,,,0,,0,
Northern Province,Rulindo,Rukozo,RulindoRukozo,"15,023","17,021",,,"8,045","8,976",3.9868791,0,4269.254114,0,2,28.7,67.1,,,,0.1,0.2,,0.8,0.4,0.5,0.1,36.7,63.1,0.1,,,,,0,0.1
Northern Province,Rulindo,Rusiga,RulindoRusiga,"10,888","13,452",,,"6,416","7,036",3.88583815,0,3461.801413,13.2,13.8,42.3,29.4,,0.1,0.1,,,,1,0.1,0.1,0.1,73.2,26.7,0.1,,,,,,
Northern Province,Rulindo,Shyorongi,RulindoShyorongi,"23,545","43,744","11,240","12,026","9,942","10,536",3.812407165,6102.705979,5371.409484,12.8,12.4,54.9,16.8,,0.1,0,0.2,0.1,,1.8,0.5,0,0.3,98.3,1.6,0,,,0,,0,
Northern Province,Rulindo,Tumba,RulindoTumba,"19,284","20,693",,,"9,710","10,983",3.922464455,0,5275.509884,0.3,2.8,39.9,55.2,0.1,0.1,,0.1,0,,0.5,0.4,0.6,0.1,24.5,75.4,0,,,0,,0,0.1
Western Province,Rusizi,Bugarama,RusiziBugarama,"30,169","42,830","19,950","20,326","1,247","1,307",4.562062937,8828.462158,559.834451,0.3,3.1,14.5,69.6,0,1.1,0,0.3,0.3,0.1,7,2.5,0,1.2,99.9,0,,0,,,,,
Western Province,Rusizi,Butare,RusiziButare,"19,937","25,483",,,"12,243","13,240",4.641932543,0,5489.739405,0.6,22,1.8,50.1,0.1,,,0.2,0.7,5,6.8,12.3,0.2,0.3,99.6,0.1,0,,,,,0,
Western Province,Rusizi,Bweyeye,RusiziBweyeye,"13,622","18,109",,,"9,042","9,067",4.768184342,0,3797.881689,1.9,12.7,13.3,69.9,0.1,,0,0.1,0.5,0.2,0.5,0.5,0.1,0.1,70.2,29,0.1,,,,,0.1,
Western Province,Rusizi,Gashonga,RusiziGashonga,"23,001","26,791","1,705","1,810","11,164","12,112",4.319172993,813.8132012,5388.994615,9.2,74.5,0.3,0.1,0,0,,0.2,0.2,3.7,8.6,3,0.1,0,99.9,0,,,0,,,0,
Western Province,Rusizi,Giheke,RusiziGiheke,"19,359","20,740",,,"9,739","11,001",4.412177986,0,4700.626327,2.7,54.7,0.1,0,0,0.1,,0.7,0.2,34.6,4.4,2,0.1,0.5,100,,,,,,,,
Western Province,Rusizi,Gihundwe,RusiziGihundwe,"27,386","41,615","7,822","7,706","12,582","13,505",4.685254027,3314.227982,5567.894472,13.1,52.7,0.5,0.1,0,0.9,0,0.9,0.4,9.3,16.5,4.4,0.2,0.8,99.8,0,0,,0,,,0,
Western Province,Rusizi,Gikundamvura,RusiziGikundamvura,"18,226","21,909",,,"10,394","11,515",4.541571636,0,4824.10094,1.4,45.3,2.3,31.1,0,,0,0.1,0.3,2.4,5.9,9.4,,1.8,99.9,,,,,,,0,
Western Province,Rusizi,Gitambi,RusiziGitambi,"23,468","25,119","4,132","4,525","7,734","8,728",4.611202938,1877.3843,3570.001195,1.5,48.9,3.3,25.5,0,,,0.4,0.7,0.6,8.8,9.1,0.1,1.2,99.9,0,,,,,,0,
Western Province,Rusizi,Kamembe,RusiziKamembe,"26,693","34,883","16,450","11,888","3,171","3,374",3.965305856,7146.485297,1650.566246,24.6,32.5,1.3,0.4,0.1,1.6,0.1,1.9,0.7,5.3,25.5,5.2,0.8,0.2,99.6,,0,0,0.2,,,0,
Western Province,Rusizi,Muganza,RusiziMuganza,"27,344","32,849","15,395","17,026",213,215,4.458446496,7271.815424,95.99756335,2,17.5,6.7,51.2,0,,0,0.4,0.7,0.6,13.6,5.2,2,0,99.9,0.1,,,,,,,
Western Province,Rusizi,Mururu,RusiziMururu,"24,204","29,774","2,765","2,912","11,723","12,374",4.565991406,1243.322533,5277.495698,11.8,74.2,0.3,0.5,0,0.7,0,0.5,0.2,3.6,5.4,2.5,0.1,0.1,99.9,0,0,,,,,,
Western Province,Rusizi,Nkanka,RusiziNkanka,"18,438","19,857",800,907,"8,559","9,591",4.783510125,356.8509223,3794.28485,3.1,88.7,0.1,,0,,,0.2,0.1,6.3,1,0.3,0.1,0,99.9,,,,,,,,
Western Province,Rusizi,Nkombo,RusiziNkombo,"16,712","18,637",,,"9,028","9,609",5.464201878,0,3410.74514,5.6,82,0.1,,0.1,,,0.3,,9.8,1,0.8,0.1,0.1,99.7,0,,,,,,0,
Western Province,Rusizi,Nkungu,RusiziNkungu,"20,697","21,696",,,"10,221","11,475",4.378509392,0,4955.110988,1.8,41,0.3,7.3,,,0,0.9,1.8,26.3,7.4,12.4,0.8,0,99.6,0.3,,,,,,,
Western Province,Rusizi,Nyakabuye,RusiziNyakabuye,"29,425","33,200","2,889","3,074","12,850","14,387",4.495529667,1326.428795,6058.68541,1.1,26,3.2,43.3,0,,,0.7,1.5,2.5,10,11.6,0.1,0.1,99.3,0.6,,,,,,0,
Western Province,Rusizi,Nyakarenzo,RusiziNyakarenzo,"15,566","18,384",741,761,"8,101","8,781",4.458030082,336.9201132,3786.874401,10.9,63.5,0.3,0.1,,0.2,0,0.3,0.4,17.1,5.1,1.7,0.3,0,99.9,0.1,,,0,,,,
Western Province,Rusizi,Nzahaha,RusiziNzahaha,"27,714","30,399","2,292","2,443","12,339","13,325",4.727909147,1001.499786,5428.192294,7.2,69.9,0.9,11.1,0,0,0,0.2,0.2,0.1,5.3,3.4,,1.6,100,,,,,,,,
Western Province,Rusizi,Rwimbogo,RusiziRwimbogo,"18,897","23,254","6,674","7,172","4,461","4,947",4.962171404,2790.310707,1895.944181,5.9,69,0.4,9.5,0,,,0.3,0.4,0.3,9.6,4.5,0,0,100,,,,0,,,,
Western Province,Rutsiro,Boneza,RutsiroBoneza,"24,166","29,206",,,"15,958","13,248",4.370893617,0,6681.928813,0.3,1.4,46.3,50.2,0.1,,,0.1,0.1,0,0.4,0.2,0.9,0.1,26.1,73.7,0.1,,0,,0,,0.1
Western Province,Rutsiro,Gihango,RutsiroGihango,"23,166","27,481","1,491","1,605","11,551","12,834",4.09905731,755.2956122,5948.92878,0.1,0.6,33.9,59.1,,0,0,0.2,0.4,,2.2,1.3,1.8,0.3,11.9,87.7,0.3,,,,,0,0.1
Western Province,Rutsiro,Kigeyo,RutsiroKigeyo,"24,486","24,308",,,"11,455","12,853",4.160417737,0,5842.682523,0.1,0.2,42.4,55.2,0.1,,,0.1,0.4,,0.4,0.2,,1,12.3,87.3,0.3,0,,,,,0.1
Western Province,Rutsiro,Kivumu,RutsiroKivumu,"32,961","35,027","4,729","5,337","11,686","13,275",4.288114804,2347.418495,5820.972884,0.3,1.2,32.6,64.5,,,,0.1,0.1,,0.3,0.4,0.2,0.3,17.6,82.2,0.2,0,,,,,0.1
Western Province,Rutsiro,Manihira,RutsiroManihira,"16,098","19,386",,,"9,235","10,151",4.120561344,0,4704.698798,0.1,0.6,24.8,70.6,0.1,,,0.1,0.3,,0.2,0.2,2.6,0.3,10.7,88.6,0.2,,,0.1,0,0,0.3
Western Province,Rutsiro,Mukura,RutsiroMukura,"33,440","38,627",,,"18,167","20,460",4.220253718,0,9152.767245,0,1.2,21.7,76.5,0,,,0,0.1,,0.1,0.1,,0.3,9.8,89.7,0.2,,,0.1,0.1,0,0.2
Western Province,Rutsiro,Murunda,RutsiroMurunda,"18,478","23,401",,,"11,306","12,095",4.245569158,0,5511.864047,0.2,2.9,19.7,73,,0.1,,0.2,0.4,,2.2,1,0,0.3,12.2,87.1,0.3,,,0.1,0,,0.3
Western Province,Rutsiro,Musasa,RutsiroMusasa,"22,805","25,716",511,540,"11,810","12,855",4.026789911,261.0019453,6125.226433,0.1,1,33.1,61.1,0,,,0.3,0.2,,0.9,1.3,1.1,1,11.3,88,0.6,,,,0,0,0.1
Western Province,Rutsiro,Mushonyi,RutsiroMushonyi,"24,038","24,085","1,786","2,009","9,545","10,745",4.052311846,936.5024569,5007.018406,0.2,1,33.3,63,0,,,0.1,0.2,,0.3,0.3,1.4,0.2,8.7,91,0.2,,,0,,0,0.1
Western Province,Rutsiro,Mushubati,RutsiroMushubati,"25,822","31,539",,,"15,002","16,537",4.133001049,0,7631.016693,0.2,1.8,27,68.2,0,,,0.2,0.4,0,0.9,0.6,0.3,0.3,20.9,78.6,0.2,,,0,0.1,0,0.2
Western Province,Rutsiro,Nyabirasi,RutsiroNyabirasi,"28,971","33,304",,,"15,630","17,674",4.482428975,0,7429.900213,0.4,2.2,23.9,72.5,0.1,0,0,0,0.2,,0.1,0.1,0,0.6,9.3,90.6,0.1,,,0,,,0
Western Province,Rutsiro,Ruhango,RutsiroRuhango,"28,589","30,452","1,207","1,391","13,107","14,747",4.291743119,605.3484395,6490.136811,0.1,0.7,27.5,67.2,0,,,0.1,0.1,,1.3,1,2,0.1,13.9,85.7,0.1,,,0,0,0,0.2
Western Province,Rutsiro,Rusebeya,RutsiroRusebeya,"21,634","26,648",,,"12,322","14,326",4.106553585,0,6489.139724,0.1,0.7,23.5,73.9,0,0,,0.1,0.5,,0.4,0.2,0.1,0.5,11.6,87.7,0.5,,,0.1,0,0,
Eastern Province,Rwamagana,Fumbwe,RwamaganaFumbwe,"21,682","33,074","5,877","6,847","9,801","10,549",3.938610085,3230.581278,5166.797312,20.8,32.6,33.6,10.6,0,0.2,0,0,0.1,0,1.4,0.3,0.1,0.1,99.9,0.1,0.1,,,,,,0
Eastern Province,Rwamagana,Gahengeri,RwamaganaGahengeri,"23,517","35,732",878,895,"16,513","17,446",3.915560917,452.8086876,8672.831485,11.7,25,34.2,26.5,0.1,0.1,0,0.1,0.1,0.1,1.3,0.7,0,0.1,99.9,0.1,0,,,,,,0
Eastern Province,Rwamagana,Gishali,RwamaganaGishali,"23,033","36,692","7,894","6,865","10,511","11,422",3.779357439,3905.161192,5803.367465,22.3,22.5,37.7,13.9,0,0.2,0,0.2,0.1,0,1.9,0.9,0.1,0.1,99.8,0.1,0,,0,0,,,0.1
Eastern Province,Rwamagana,Karenge,RwamaganaKarenge,"22,755","28,525","4,506","4,935","9,322","9,762",3.782122905,2496.217134,5045.843427,2,4.7,50.5,37.2,0,0,0,0.3,0.1,0,3.4,1.2,0.1,0.4,99.6,0.4,0,,,,,0,
Eastern Province,Rwamagana,Kigabiro,RwamaganaKigabiro,"32,730","47,358","16,835","17,525","6,324","6,674",3.578987671,9600.480123,3631.75322,17.5,15.2,45.1,10.1,0,0.4,0.1,1.2,0.3,,8.4,1.2,0.1,0.4,99.7,0.1,0.1,0,0,0,,0,0
Eastern Province,Rwamagana,Muhazi,RwamaganaMuhazi,"29,505","53,482","25,478","7,607","9,685","10,712",3.844427159,8605.963551,5305.60189,21.8,20.7,39.8,11.4,0,0.4,0,1,0.2,,3.3,1,0.1,0.3,98.4,1.5,0,0,,,,,0.1
Eastern Province,Rwamagana,Munyaga,RwamaganaMunyaga,"16,207","20,812",,,"9,803","11,009",3.734290844,0,5573.213462,18.2,64.5,5.7,9.8,0,0.1,,0,0.1,,1.2,0.3,0.1,0,99.9,0.1,,,,,,,
Eastern Province,Rwamagana,Munyiginya,RwamaganaMunyiginya,"16,980","24,197","1,654","1,912","9,843","10,788",3.853584544,925.3721981,5353.716718,20.4,29.6,32.4,14.6,0,0,0,0.1,0.1,0,2.1,0.5,0,0,99.9,0.1,0,,,0,,,0
Eastern Province,Rwamagana,Musha,RwamaganaMusha,"21,145","27,525",738,869,"12,471","13,447",3.971474081,404.635651,6526.040325,27.6,43,18,8.4,,0.3,0,0.2,0.1,0,0.8,0.8,0.8,0.1,99.9,0,0,,0,,,,
Eastern Province,Rwamagana,Muyumbu,RwamaganaMuyumbu,"24,242","56,881","18,031","19,110","9,551","10,189",3.785153129,9812.284664,5215.112659,2.8,3.1,59.8,24.7,0,0.6,0.1,0.5,0.1,0,4.9,1.5,0.1,1.8,99.3,0.5,0.1,0,0,0,,0,0
Eastern Province,Rwamagana,Mwulire,RwamaganaMwulire,"21,829","33,936","7,804","8,514","8,538","9,080",3.898045977,4186.199982,4519.70041,11.4,18.5,42.2,21.4,0.1,0.2,0,0.4,0.3,,2.9,1.7,1,0,99.8,0.1,0,0,,0,,0,0
Eastern Province,Rwamagana,Nyakaliro,RwamaganaNyakaliro,"20,196","37,538","7,324","7,958","10,821","11,435",3.877958045,3940.733712,5739.102833,1.2,2.2,60.8,31,0,0,0,0.2,0.2,,1.9,1.9,0.1,0.4,99.5,0.5,0,0,,,,0,0
Eastern Province,Rwamagana,Nzige,RwamaganaNzige,"15,504","19,285",,,"9,341","9,944",3.823167097,0,5044.24722,4,15.2,31,44.1,0,0,,0.4,0.4,,2.5,1.7,0.5,0.1,99.2,0.7,0,0,,,,,0
Eastern Province,Rwamagana,Rubona,RwamaganaRubona,"24,136","29,916",,,"14,251","15,665",3.8,0,7872.631579,8.2,26.6,29.8,33.5,0,0.1,0,0.1,0.1,,1,0.5,0,0.1,99.5,0.4,0,0,,0,,,0